Successfully paused profiling.
Working on config N=32, B=1
ncu --set basic  --metrics smsp__cycles_active.avg.pct_of_peak_sustained_elapsed,dram__throughput.avg.pct_of_peak_sustained_elapsed,gpu__time_duration.avg --replay-mode kernel  --launch-count 1 ./sobel_gpu 32 1
==PROF== Connected to process 2137761 (/pscratch/sd/t/tshiknn/cp5/build/sobel_gpu)
==PROF== Profiling "sobel_kernel_gpu" - 0 (1/1): 0%....50%....100% - 12 passes
 Read data from the file data/zebra-gray-int8-4x 
 GPU configuration: 1 blocks, 32 threads per block 
 Wrote the output file data/processed-gpu-n-1-b-32.dat 
==PROF== Disconnected from process 2137761
[2137761] sobel_gpu@127.0.0.1
  sobel_kernel_gpu(float *, float *, int, int, int, float *, float *) (1, 1, 1)x(32, 1, 1), Context 1, Stream 7, Device 0, CC 8.0
    Section: Command line profiler metrics
    ----------------------------------------------------- ----------- ------------
    Metric Name                                           Metric Unit Metric Value
    ----------------------------------------------------- ----------- ------------
    dram__throughput.avg.pct_of_peak_sustained_elapsed              %         0.01
    gpu__time_duration.avg                                     second         1.63
    smsp__cycles_active.avg.pct_of_peak_sustained_elapsed           %         0.23
    ----------------------------------------------------- ----------- ------------

    Section: GPU Speed Of Light Throughput
    ----------------------- ------------- -------------
    Metric Name               Metric Unit  Metric Value
    ----------------------- ------------- -------------
    DRAM Frequency          cycle/nsecond          1.21
    SM Frequency            cycle/nsecond          1.09
    Elapsed Cycles                  cycle 1,779,608,755
    Memory Throughput                   %          0.02
    DRAM Throughput                     %          0.01
    Duration                       second          1.63
    L1/TEX Cache Throughput             %          1.87
    L2 Cache Throughput                 %          0.01
    SM Active Cycles                cycle 16,477,837.27
    Compute (SM) Throughput             %          0.03
    ----------------------- ------------- -------------

    OPT   This kernel grid is too small to fill the available resources on this device, resulting in only 0.0 full      
          waves across all SMs. Look at Launch Statistics for more details.                                             

    Section: Launch Statistics
    -------------------------------- --------------- ---------------
    Metric Name                          Metric Unit    Metric Value
    -------------------------------- --------------- ---------------
    Block Size                                                    32
    Function Cache Configuration                     CachePreferNone
    Grid Size                                                      1
    Registers Per Thread             register/thread              32
    Shared Memory Configuration Size           Kbyte           32.77
    Driver Shared Memory Per Block       Kbyte/block            1.02
    Dynamic Shared Memory Per Block       byte/block               0
    Static Shared Memory Per Block        byte/block               0
    # SMs                                         SM             108
    Threads                                   thread              32
    Uses Green Context                                             0
    Waves Per SM                                                0.00
    -------------------------------- --------------- ---------------

    OPT   Est. Speedup: 99.07%                                                                                          
          The grid for this launch is configured to execute only 1 blocks, which is less than the GPU's 108             
          multiprocessors. This can underutilize some multiprocessors. If you do not intend to execute this kernel      
          concurrently with other workloads, consider reducing the block size to have at least one block per            
          multiprocessor or increase the size of the grid to fully utilize the available hardware resources. See the    
          Hardware Model (https://docs.nvidia.com/nsight-compute/ProfilingGuide/index.html#metrics-hw-model)            
          description for more details on launch configurations.                                                        

    Section: Occupancy
    ------------------------------- ----------- ------------
    Metric Name                     Metric Unit Metric Value
    ------------------------------- ----------- ------------
    Block Limit SM                        block           32
    Block Limit Registers                 block           64
    Block Limit Shared Mem                block           32
    Block Limit Warps                     block           64
    Theoretical Active Warps per SM        warp           32
    Theoretical Occupancy                     %           50
    Achieved Occupancy                        %         1.56
    Achieved Active Warps Per SM           warp         1.00
    ------------------------------- ----------- ------------

    OPT   Est. Local Speedup: 96.87%                                                                                    
          The difference between calculated theoretical (50.0%) and measured achieved occupancy (1.6%) can be the       
          result of warp scheduling overheads or workload imbalances during the kernel execution. Load imbalances can   
          occur between warps within a block as well as across blocks of the same kernel. See the CUDA Best Practices   
          Guide (https://docs.nvidia.com/cuda/cuda-c-best-practices-guide/index.html#occupancy) for more details on     
          optimizing occupancy.                                                                                         
    ----- --------------------------------------------------------------------------------------------------------------
    OPT   Est. Local Speedup: 50%                                                                                       
          The 8.00 theoretical warps per scheduler this kernel can issue according to its occupancy are below the       
          hardware maximum of 16. This kernel's theoretical occupancy (50.0%) is limited by the number of blocks that   
          can fit on the SM. This kernel's theoretical occupancy (50.0%) is limited by the required amount of shared    
          memory.                                                                                                       

    Section: GPU and Memory Workload Distribution
    -------------------------- ----------- ---------------
    Metric Name                Metric Unit    Metric Value
    -------------------------- ----------- ---------------
    Average DRAM Active Cycles       cycle      228,150.80
    Total DRAM Elapsed Cycles        cycle  78,985,375,232
    Average L1 Active Cycles         cycle   16,477,837.27
    Total L1 Elapsed Cycles          cycle 192,200,906,130
    Average L2 Active Cycles         cycle   14,859,164.79
    Total L2 Elapsed Cycles          cycle 136,517,851,520
    Average SM Active Cycles         cycle   16,477,837.27
    Total SM Elapsed Cycles          cycle 192,200,906,130
    Average SMSP Active Cycles       cycle    4,119,504.59
    Total SMSP Elapsed Cycles        cycle 768,803,624,520
    -------------------------- ----------- ---------------

Working on config N=32, B=4
ncu --set basic  --metrics smsp__cycles_active.avg.pct_of_peak_sustained_elapsed,dram__throughput.avg.pct_of_peak_sustained_elapsed,gpu__time_duration.avg --replay-mode kernel  --launch-count 1 ./sobel_gpu 32 4
==PROF== Connected to process 2137872 (/pscratch/sd/t/tshiknn/cp5/build/sobel_gpu)
==PROF== Profiling "sobel_kernel_gpu" - 0 (1/1): 0%....50%....100% - 12 passes
 Read data from the file data/zebra-gray-int8-4x 
 GPU configuration: 4 blocks, 32 threads per block 
 Wrote the output file data/processed-gpu-n-4-b-32.dat 
==PROF== Disconnected from process 2137872
[2137872] sobel_gpu@127.0.0.1
  sobel_kernel_gpu(float *, float *, int, int, int, float *, float *) (4, 1, 1)x(32, 1, 1), Context 1, Stream 7, Device 0, CC 8.0
    Section: Command line profiler metrics
    ----------------------------------------------------- ----------- ------------
    Metric Name                                           Metric Unit Metric Value
    ----------------------------------------------------- ----------- ------------
    dram__throughput.avg.pct_of_peak_sustained_elapsed              %         0.03
    gpu__time_duration.avg                                    msecond       533.66
    smsp__cycles_active.avg.pct_of_peak_sustained_elapsed           %         0.93
    ----------------------------------------------------- ----------- ------------

    Section: GPU Speed Of Light Throughput
    ----------------------- ------------- -------------
    Metric Name               Metric Unit  Metric Value
    ----------------------- ------------- -------------
    DRAM Frequency          cycle/nsecond          1.21
    SM Frequency            cycle/nsecond          1.09
    Elapsed Cycles                  cycle   584,357,696
    Memory Throughput                   %          0.06
    DRAM Throughput                     %          0.03
    Duration                      msecond        533.66
    L1/TEX Cache Throughput             %          1.52
    L2 Cache Throughput                 %          0.05
    SM Active Cycles                cycle 21,638,144.68
    Compute (SM) Throughput             %          0.09
    ----------------------- ------------- -------------

    OPT   This kernel grid is too small to fill the available resources on this device, resulting in only 0.0 full      
          waves across all SMs. Look at Launch Statistics for more details.                                             

    Section: Launch Statistics
    -------------------------------- --------------- ---------------
    Metric Name                          Metric Unit    Metric Value
    -------------------------------- --------------- ---------------
    Block Size                                                    32
    Function Cache Configuration                     CachePreferNone
    Grid Size                                                      4
    Registers Per Thread             register/thread              32
    Shared Memory Configuration Size           Kbyte           32.77
    Driver Shared Memory Per Block       Kbyte/block            1.02
    Dynamic Shared Memory Per Block       byte/block               0
    Static Shared Memory Per Block        byte/block               0
    # SMs                                         SM             108
    Threads                                   thread             128
    Uses Green Context                                             0
    Waves Per SM                                                0.00
    -------------------------------- --------------- ---------------

    OPT   Est. Speedup: 96.3%                                                                                           
          The grid for this launch is configured to execute only 4 blocks, which is less than the GPU's 108             
          multiprocessors. This can underutilize some multiprocessors. If you do not intend to execute this kernel      
          concurrently with other workloads, consider reducing the block size to have at least one block per            
          multiprocessor or increase the size of the grid to fully utilize the available hardware resources. See the    
          Hardware Model (https://docs.nvidia.com/nsight-compute/ProfilingGuide/index.html#metrics-hw-model)            
          description for more details on launch configurations.                                                        

    Section: Occupancy
    ------------------------------- ----------- ------------
    Metric Name                     Metric Unit Metric Value
    ------------------------------- ----------- ------------
    Block Limit SM                        block           32
    Block Limit Registers                 block           64
    Block Limit Shared Mem                block           32
    Block Limit Warps                     block           64
    Theoretical Active Warps per SM        warp           32
    Theoretical Occupancy                     %           50
    Achieved Occupancy                        %         1.56
    Achieved Active Warps Per SM           warp         1.00
    ------------------------------- ----------- ------------

    OPT   Est. Local Speedup: 96.88%                                                                                    
          The difference between calculated theoretical (50.0%) and measured achieved occupancy (1.6%) can be the       
          result of warp scheduling overheads or workload imbalances during the kernel execution. Load imbalances can   
          occur between warps within a block as well as across blocks of the same kernel. See the CUDA Best Practices   
          Guide (https://docs.nvidia.com/cuda/cuda-c-best-practices-guide/index.html#occupancy) for more details on     
          optimizing occupancy.                                                                                         
    ----- --------------------------------------------------------------------------------------------------------------
    OPT   Est. Local Speedup: 50%                                                                                       
          The 8.00 theoretical warps per scheduler this kernel can issue according to its occupancy are below the       
          hardware maximum of 16. This kernel's theoretical occupancy (50.0%) is limited by the number of blocks that   
          can fit on the SM. This kernel's theoretical occupancy (50.0%) is limited by the required amount of shared    
          memory.                                                                                                       

    Section: GPU and Memory Workload Distribution
    -------------------------- ----------- ---------------
    Metric Name                Metric Unit    Metric Value
    -------------------------- ----------- ---------------
    Average DRAM Active Cycles       cycle      224,709.30
    Total DRAM Elapsed Cycles        cycle  25,935,875,072
    Average L1 Active Cycles         cycle   21,638,144.68
    Total L1 Elapsed Cycles          cycle  63,107,659,316
    Average L2 Active Cycles         cycle   14,974,018.43
    Total L2 Elapsed Cycles          cycle  44,827,394,480
    Average SM Active Cycles         cycle   21,638,144.68
    Total SM Elapsed Cycles          cycle  63,107,659,316
    Average SMSP Active Cycles       cycle    5,409,489.70
    Total SMSP Elapsed Cycles        cycle 252,430,637,264
    -------------------------- ----------- ---------------

Working on config N=32, B=16
ncu --set basic  --metrics smsp__cycles_active.avg.pct_of_peak_sustained_elapsed,dram__throughput.avg.pct_of_peak_sustained_elapsed,gpu__time_duration.avg --replay-mode kernel  --launch-count 1 ./sobel_gpu 32 16
==PROF== Connected to process 2137917 (/pscratch/sd/t/tshiknn/cp5/build/sobel_gpu)
==PROF== Profiling "sobel_kernel_gpu" - 0 (1/1): 0%....50%....100% - 12 passes
 Read data from the file data/zebra-gray-int8-4x 
 GPU configuration: 16 blocks, 32 threads per block 
 Wrote the output file data/processed-gpu-n-16-b-32.dat 
==PROF== Disconnected from process 2137917
[2137917] sobel_gpu@127.0.0.1
  sobel_kernel_gpu(float *, float *, int, int, int, float *, float *) (16, 1, 1)x(32, 1, 1), Context 1, Stream 7, Device 0, CC 8.0
    Section: Command line profiler metrics
    ----------------------------------------------------- ----------- ------------
    Metric Name                                           Metric Unit Metric Value
    ----------------------------------------------------- ----------- ------------
    dram__throughput.avg.pct_of_peak_sustained_elapsed              %         0.13
    gpu__time_duration.avg                                    msecond       138.30
    smsp__cycles_active.avg.pct_of_peak_sustained_elapsed           %         3.70
    ----------------------------------------------------- ----------- ------------

    Section: GPU Speed Of Light Throughput
    ----------------------- ------------- -------------
    Metric Name               Metric Unit  Metric Value
    ----------------------- ------------- -------------
    DRAM Frequency          cycle/nsecond          1.21
    SM Frequency            cycle/nsecond          1.09
    Elapsed Cycles                  cycle   151,434,675
    Memory Throughput                   %          0.22
    DRAM Throughput                     %          0.13
    Duration                      msecond        138.30
    L1/TEX Cache Throughput             %          1.47
    L2 Cache Throughput                 %          0.18
    SM Active Cycles                cycle 22,420,751.28
    Compute (SM) Throughput             %          0.36
    ----------------------- ------------- -------------

    OPT   This kernel grid is too small to fill the available resources on this device, resulting in only 0.0 full      
          waves across all SMs. Look at Launch Statistics for more details.                                             

    Section: Launch Statistics
    -------------------------------- --------------- ---------------
    Metric Name                          Metric Unit    Metric Value
    -------------------------------- --------------- ---------------
    Block Size                                                    32
    Function Cache Configuration                     CachePreferNone
    Grid Size                                                     16
    Registers Per Thread             register/thread              32
    Shared Memory Configuration Size           Kbyte           32.77
    Driver Shared Memory Per Block       Kbyte/block            1.02
    Dynamic Shared Memory Per Block       byte/block               0
    Static Shared Memory Per Block        byte/block               0
    # SMs                                         SM             108
    Threads                                   thread             512
    Uses Green Context                                             0
    Waves Per SM                                                0.00
    -------------------------------- --------------- ---------------

    OPT   Est. Speedup: 85.19%                                                                                          
          The grid for this launch is configured to execute only 16 blocks, which is less than the GPU's 108            
          multiprocessors. This can underutilize some multiprocessors. If you do not intend to execute this kernel      
          concurrently with other workloads, consider reducing the block size to have at least one block per            
          multiprocessor or increase the size of the grid to fully utilize the available hardware resources. See the    
          Hardware Model (https://docs.nvidia.com/nsight-compute/ProfilingGuide/index.html#metrics-hw-model)            
          description for more details on launch configurations.                                                        

    Section: Occupancy
    ------------------------------- ----------- ------------
    Metric Name                     Metric Unit Metric Value
    ------------------------------- ----------- ------------
    Block Limit SM                        block           32
    Block Limit Registers                 block           64
    Block Limit Shared Mem                block           32
    Block Limit Warps                     block           64
    Theoretical Active Warps per SM        warp           32
    Theoretical Occupancy                     %           50
    Achieved Occupancy                        %         1.56
    Achieved Active Warps Per SM           warp         1.00
    ------------------------------- ----------- ------------

    OPT   Est. Local Speedup: 96.87%                                                                                    
          The difference between calculated theoretical (50.0%) and measured achieved occupancy (1.6%) can be the       
          result of warp scheduling overheads or workload imbalances during the kernel execution. Load imbalances can   
          occur between warps within a block as well as across blocks of the same kernel. See the CUDA Best Practices   
          Guide (https://docs.nvidia.com/cuda/cuda-c-best-practices-guide/index.html#occupancy) for more details on     
          optimizing occupancy.                                                                                         
    ----- --------------------------------------------------------------------------------------------------------------
    OPT   Est. Local Speedup: 50%                                                                                       
          The 8.00 theoretical warps per scheduler this kernel can issue according to its occupancy are below the       
          hardware maximum of 16. This kernel's theoretical occupancy (50.0%) is limited by the number of blocks that   
          can fit on the SM. This kernel's theoretical occupancy (50.0%) is limited by the required amount of shared    
          memory.                                                                                                       

    Section: GPU and Memory Workload Distribution
    -------------------------- ----------- --------------
    Metric Name                Metric Unit   Metric Value
    -------------------------- ----------- --------------
    Average DRAM Active Cycles       cycle     222,440.80
    Total DRAM Elapsed Cycles        cycle  6,721,210,368
    Average L1 Active Cycles         cycle  22,420,751.28
    Total L1 Elapsed Cycles          cycle 16,357,439,170
    Average L2 Active Cycles         cycle  17,985,917.91
    Total L2 Elapsed Cycles          cycle 11,616,897,280
    Average SM Active Cycles         cycle  22,420,751.28
    Total SM Elapsed Cycles          cycle 16,357,439,170
    Average SMSP Active Cycles       cycle   5,605,514.84
    Total SMSP Elapsed Cycles        cycle 65,429,756,680
    -------------------------- ----------- --------------

    OPT   Est. Speedup: 12.61%                                                                                          
          One or more SMs have a much lower number of active cycles than the average number of active cycles. Maximum   
          instance value is 85.19% above the average, while the minimum instance value is 100.00% below the average.    
    ----- --------------------------------------------------------------------------------------------------------------
    OPT   Est. Speedup: 12.61%                                                                                          
          One or more L1 Slices have a much lower number of active cycles than the average number of active cycles.     
          Maximum instance value is 85.19% above the average, while the minimum instance value is 100.00% below the     
          average.                                                                                                      

Working on config N=32, B=64
ncu --set basic  --metrics smsp__cycles_active.avg.pct_of_peak_sustained_elapsed,dram__throughput.avg.pct_of_peak_sustained_elapsed,gpu__time_duration.avg --replay-mode kernel  --launch-count 1 ./sobel_gpu 32 64
==PROF== Connected to process 2137985 (/pscratch/sd/t/tshiknn/cp5/build/sobel_gpu)
==PROF== Profiling "sobel_kernel_gpu" - 0 (1/1): 0%....50%....100% - 12 passes
 Read data from the file data/zebra-gray-int8-4x 
 GPU configuration: 64 blocks, 32 threads per block 
 Wrote the output file data/processed-gpu-n-64-b-32.dat 
==PROF== Disconnected from process 2137985
[2137985] sobel_gpu@127.0.0.1
  sobel_kernel_gpu(float *, float *, int, int, int, float *, float *) (64, 1, 1)x(32, 1, 1), Context 1, Stream 7, Device 0, CC 8.0
    Section: Command line profiler metrics
    ----------------------------------------------------- ----------- ------------
    Metric Name                                           Metric Unit Metric Value
    ----------------------------------------------------- ----------- ------------
    dram__throughput.avg.pct_of_peak_sustained_elapsed              %         0.53
    gpu__time_duration.avg                                    msecond        34.13
    smsp__cycles_active.avg.pct_of_peak_sustained_elapsed           %        14.80
    ----------------------------------------------------- ----------- ------------

    Section: GPU Speed Of Light Throughput
    ----------------------- ------------- -------------
    Metric Name               Metric Unit  Metric Value
    ----------------------- ------------- -------------
    DRAM Frequency          cycle/nsecond          1.21
    SM Frequency            cycle/nsecond          1.09
    Elapsed Cycles                  cycle    37,368,447
    Memory Throughput                   %          0.88
    DRAM Throughput                     %          0.53
    Duration                      msecond         34.13
    L1/TEX Cache Throughput             %          1.49
    L2 Cache Throughput                 %          0.75
    SM Active Cycles                cycle 22,130,765.51
    Compute (SM) Throughput             %          1.45
    ----------------------- ------------- -------------

    OPT   This kernel grid is too small to fill the available resources on this device, resulting in only 0.0 full      
          waves across all SMs. Look at Launch Statistics for more details.                                             

    Section: Launch Statistics
    -------------------------------- --------------- ---------------
    Metric Name                          Metric Unit    Metric Value
    -------------------------------- --------------- ---------------
    Block Size                                                    32
    Function Cache Configuration                     CachePreferNone
    Grid Size                                                     64
    Registers Per Thread             register/thread              32
    Shared Memory Configuration Size           Kbyte           32.77
    Driver Shared Memory Per Block       Kbyte/block            1.02
    Dynamic Shared Memory Per Block       byte/block               0
    Static Shared Memory Per Block        byte/block               0
    # SMs                                         SM             108
    Threads                                   thread           2,048
    Uses Green Context                                             0
    Waves Per SM                                                0.02
    -------------------------------- --------------- ---------------

    OPT   Est. Speedup: 40.74%                                                                                          
          The grid for this launch is configured to execute only 64 blocks, which is less than the GPU's 108            
          multiprocessors. This can underutilize some multiprocessors. If you do not intend to execute this kernel      
          concurrently with other workloads, consider reducing the block size to have at least one block per            
          multiprocessor or increase the size of the grid to fully utilize the available hardware resources. See the    
          Hardware Model (https://docs.nvidia.com/nsight-compute/ProfilingGuide/index.html#metrics-hw-model)            
          description for more details on launch configurations.                                                        

    Section: Occupancy
    ------------------------------- ----------- ------------
    Metric Name                     Metric Unit Metric Value
    ------------------------------- ----------- ------------
    Block Limit SM                        block           32
    Block Limit Registers                 block           64
    Block Limit Shared Mem                block           32
    Block Limit Warps                     block           64
    Theoretical Active Warps per SM        warp           32
    Theoretical Occupancy                     %           50
    Achieved Occupancy                        %         1.56
    Achieved Active Warps Per SM           warp         1.00
    ------------------------------- ----------- ------------

    OPT   Est. Local Speedup: 96.88%                                                                                    
          The difference between calculated theoretical (50.0%) and measured achieved occupancy (1.6%) can be the       
          result of warp scheduling overheads or workload imbalances during the kernel execution. Load imbalances can   
          occur between warps within a block as well as across blocks of the same kernel. See the CUDA Best Practices   
          Guide (https://docs.nvidia.com/cuda/cuda-c-best-practices-guide/index.html#occupancy) for more details on     
          optimizing occupancy.                                                                                         
    ----- --------------------------------------------------------------------------------------------------------------
    OPT   Est. Local Speedup: 50%                                                                                       
          The 8.00 theoretical warps per scheduler this kernel can issue according to its occupancy are below the       
          hardware maximum of 16. This kernel's theoretical occupancy (50.0%) is limited by the number of blocks that   
          can fit on the SM. This kernel's theoretical occupancy (50.0%) is limited by the required amount of shared    
          memory.                                                                                                       

    Section: GPU and Memory Workload Distribution
    -------------------------- ----------- --------------
    Metric Name                Metric Unit   Metric Value
    -------------------------- ----------- --------------
    Average DRAM Active Cycles       cycle     221,715.20
    Total DRAM Elapsed Cycles        cycle  1,658,544,128
    Average L1 Active Cycles         cycle  22,130,765.51
    Total L1 Elapsed Cycles          cycle  4,035,131,528
    Average L2 Active Cycles         cycle  12,794,926.79
    Total L2 Elapsed Cycles          cycle  2,866,619,120
    Average SM Active Cycles         cycle  22,130,765.51
    Total SM Elapsed Cycles          cycle  4,035,131,528
    Average SMSP Active Cycles       cycle   5,530,951.01
    Total SMSP Elapsed Cycles        cycle 16,140,526,112
    -------------------------- ----------- --------------

    OPT   Est. Speedup: 24.15%                                                                                          
          One or more SMs have a much lower number of active cycles than the average number of active cycles. Maximum   
          instance value is 40.77% above the average, while the minimum instance value is 100.00% below the average.    
    ----- --------------------------------------------------------------------------------------------------------------
    OPT   Est. Speedup: 12.61%                                                                                          
          One or more SMSPs have a much lower number of active cycles than the average number of active cycles. Maximum 
          instance value is 85.19% above the average, while the minimum instance value is 100.00% below the average.    
    ----- --------------------------------------------------------------------------------------------------------------
    OPT   Est. Speedup: 24.15%                                                                                          
          One or more L1 Slices have a much lower number of active cycles than the average number of active cycles.     
          Maximum instance value is 40.77% above the average, while the minimum instance value is 100.00% below the     
          average.                                                                                                      

Working on config N=32, B=256
ncu --set basic  --metrics smsp__cycles_active.avg.pct_of_peak_sustained_elapsed,dram__throughput.avg.pct_of_peak_sustained_elapsed,gpu__time_duration.avg --replay-mode kernel  --launch-count 1 ./sobel_gpu 32 256
==PROF== Connected to process 2138019 (/pscratch/sd/t/tshiknn/cp5/build/sobel_gpu)
==PROF== Profiling "sobel_kernel_gpu" - 0 (1/1): 0%....50%....100% - 12 passes
 Read data from the file data/zebra-gray-int8-4x 
 GPU configuration: 256 blocks, 32 threads per block 
 Wrote the output file data/processed-gpu-n-256-b-32.dat 
==PROF== Disconnected from process 2138019
[2138019] sobel_gpu@127.0.0.1
  sobel_kernel_gpu(float *, float *, int, int, int, float *, float *) (256, 1, 1)x(32, 1, 1), Context 1, Stream 7, Device 0, CC 8.0
    Section: Command line profiler metrics
    ----------------------------------------------------- ----------- ------------
    Metric Name                                           Metric Unit Metric Value
    ----------------------------------------------------- ----------- ------------
    dram__throughput.avg.pct_of_peak_sustained_elapsed              %         1.99
    gpu__time_duration.avg                                    msecond         9.16
    smsp__cycles_active.avg.pct_of_peak_sustained_elapsed           %        59.21
    ----------------------------------------------------- ----------- ------------

    Section: GPU Speed Of Light Throughput
    ----------------------- ------------- -------------
    Metric Name               Metric Unit  Metric Value
    ----------------------- ------------- -------------
    DRAM Frequency          cycle/nsecond          1.21
    SM Frequency            cycle/nsecond          1.09
    Elapsed Cycles                  cycle    10,029,046
    Memory Throughput                   %          3.30
    DRAM Throughput                     %          1.99
    Duration                      msecond          9.16
    L1/TEX Cache Throughput             %          3.30
    L2 Cache Throughput                 %          2.53
    SM Active Cycles                cycle 10,022,569.18
    Compute (SM) Throughput             %          5.41
    ----------------------- ------------- -------------

    OPT   This kernel grid is too small to fill the available resources on this device, resulting in only 0.1 full      
          waves across all SMs. Look at Launch Statistics for more details.                                             

    Section: Launch Statistics
    -------------------------------- --------------- ---------------
    Metric Name                          Metric Unit    Metric Value
    -------------------------------- --------------- ---------------
    Block Size                                                    32
    Function Cache Configuration                     CachePreferNone
    Grid Size                                                    256
    Registers Per Thread             register/thread              32
    Shared Memory Configuration Size           Kbyte           32.77
    Driver Shared Memory Per Block       Kbyte/block            1.02
    Dynamic Shared Memory Per Block       byte/block               0
    Static Shared Memory Per Block        byte/block               0
    # SMs                                         SM             108
    Threads                                   thread           8,192
    Uses Green Context                                             0
    Waves Per SM                                                0.07
    -------------------------------- --------------- ---------------

    Section: Occupancy
    ------------------------------- ----------- ------------
    Metric Name                     Metric Unit Metric Value
    ------------------------------- ----------- ------------
    Block Limit SM                        block           32
    Block Limit Registers                 block           64
    Block Limit Shared Mem                block           32
    Block Limit Warps                     block           64
    Theoretical Active Warps per SM        warp           32
    Theoretical Occupancy                     %           50
    Achieved Occupancy                        %         3.70
    Achieved Active Warps Per SM           warp         2.37
    ------------------------------- ----------- ------------

    OPT   Est. Local Speedup: 92.6%                                                                                     
          The difference between calculated theoretical (50.0%) and measured achieved occupancy (3.7%) can be the       
          result of warp scheduling overheads or workload imbalances during the kernel execution. Load imbalances can   
          occur between warps within a block as well as across blocks of the same kernel. See the CUDA Best Practices   
          Guide (https://docs.nvidia.com/cuda/cuda-c-best-practices-guide/index.html#occupancy) for more details on     
          optimizing occupancy.                                                                                         
    ----- --------------------------------------------------------------------------------------------------------------
    OPT   Est. Local Speedup: 50%                                                                                       
          The 8.00 theoretical warps per scheduler this kernel can issue according to its occupancy are below the       
          hardware maximum of 16. This kernel's theoretical occupancy (50.0%) is limited by the number of blocks that   
          can fit on the SM. This kernel's theoretical occupancy (50.0%) is limited by the required amount of shared    
          memory.                                                                                                       

    Section: GPU and Memory Workload Distribution
    -------------------------- ----------- -------------
    Metric Name                Metric Unit  Metric Value
    -------------------------- ----------- -------------
    Average DRAM Active Cycles       cycle    221,462.60
    Total DRAM Elapsed Cycles        cycle   445,124,608
    Average L1 Active Cycles         cycle 10,022,569.18
    Total L1 Elapsed Cycles          cycle 1,082,643,410
    Average L2 Active Cycles         cycle  6,694,417.86
    Total L2 Elapsed Cycles          cycle   769,348,400
    Average SM Active Cycles         cycle 10,022,569.18
    Total SM Elapsed Cycles          cycle 1,082,643,410
    Average SMSP Active Cycles       cycle  5,935,832.68
    Total SMSP Elapsed Cycles        cycle 4,330,573,640
    -------------------------- ----------- -------------

    OPT   Est. Speedup: 24.14%                                                                                          
          One or more SMSPs have a much lower number of active cycles than the average number of active cycles. Maximum 
          instance value is 40.77% above the average, while the minimum instance value is 100.00% below the average.    

Working on config N=32, B=1024
ncu --set basic  --metrics smsp__cycles_active.avg.pct_of_peak_sustained_elapsed,dram__throughput.avg.pct_of_peak_sustained_elapsed,gpu__time_duration.avg --replay-mode kernel  --launch-count 1 ./sobel_gpu 32 1024
==PROF== Connected to process 2138053 (/pscratch/sd/t/tshiknn/cp5/build/sobel_gpu)
==PROF== Profiling "sobel_kernel_gpu" - 0 (1/1): 0%....50%....100% - 12 passes
 Read data from the file data/zebra-gray-int8-4x 
 GPU configuration: 1024 blocks, 32 threads per block 
 Wrote the output file data/processed-gpu-n-1024-b-32.dat 
==PROF== Disconnected from process 2138053
[2138053] sobel_gpu@127.0.0.1
  sobel_kernel_gpu(float *, float *, int, int, int, float *, float *) (1024, 1, 1)x(32, 1, 1), Context 1, Stream 7, Device 0, CC 8.0
    Section: Command line profiler metrics
    ----------------------------------------------------- ----------- ------------
    Metric Name                                           Metric Unit Metric Value
    ----------------------------------------------------- ----------- ------------
    dram__throughput.avg.pct_of_peak_sustained_elapsed              %         6.58
    gpu__time_duration.avg                                    msecond         2.78
    smsp__cycles_active.avg.pct_of_peak_sustained_elapsed           %        98.86
    ----------------------------------------------------- ----------- ------------

    Section: GPU Speed Of Light Throughput
    ----------------------- ------------- ------------
    Metric Name               Metric Unit Metric Value
    ----------------------- ------------- ------------
    DRAM Frequency          cycle/nsecond         1.21
    SM Frequency            cycle/nsecond         1.09
    Elapsed Cycles                  cycle    3,039,109
    Memory Throughput                   %        11.04
    DRAM Throughput                     %         6.58
    Duration                      msecond         2.78
    L1/TEX Cache Throughput             %        11.08
    L2 Cache Throughput                 %         8.98
    SM Active Cycles                cycle 3,017,087.52
    Compute (SM) Throughput             %        17.93
    ----------------------- ------------- ------------

    OPT   This kernel grid is too small to fill the available resources on this device, resulting in only 0.3 full      
          waves across all SMs. Look at Launch Statistics for more details.                                             

    Section: Launch Statistics
    -------------------------------- --------------- ---------------
    Metric Name                          Metric Unit    Metric Value
    -------------------------------- --------------- ---------------
    Block Size                                                    32
    Function Cache Configuration                     CachePreferNone
    Grid Size                                                  1,024
    Registers Per Thread             register/thread              32
    Shared Memory Configuration Size           Kbyte           32.77
    Driver Shared Memory Per Block       Kbyte/block            1.02
    Dynamic Shared Memory Per Block       byte/block               0
    Static Shared Memory Per Block        byte/block               0
    # SMs                                         SM             108
    Threads                                   thread          32,768
    Uses Green Context                                             0
    Waves Per SM                                                0.30
    -------------------------------- --------------- ---------------

    Section: Occupancy
    ------------------------------- ----------- ------------
    Metric Name                     Metric Unit Metric Value
    ------------------------------- ----------- ------------
    Block Limit SM                        block           32
    Block Limit Registers                 block           64
    Block Limit Shared Mem                block           32
    Block Limit Warps                     block           64
    Theoretical Active Warps per SM        warp           32
    Theoretical Occupancy                     %           50
    Achieved Occupancy                        %        14.66
    Achieved Active Warps Per SM           warp         9.38
    ------------------------------- ----------- ------------

    OPT   Est. Local Speedup: 70.69%                                                                                    
          The difference between calculated theoretical (50.0%) and measured achieved occupancy (14.7%) can be the      
          result of warp scheduling overheads or workload imbalances during the kernel execution. Load imbalances can   
          occur between warps within a block as well as across blocks of the same kernel. See the CUDA Best Practices   
          Guide (https://docs.nvidia.com/cuda/cuda-c-best-practices-guide/index.html#occupancy) for more details on     
          optimizing occupancy.                                                                                         
    ----- --------------------------------------------------------------------------------------------------------------
    OPT   Est. Local Speedup: 50%                                                                                       
          The 8.00 theoretical warps per scheduler this kernel can issue according to its occupancy are below the       
          hardware maximum of 16. This kernel's theoretical occupancy (50.0%) is limited by the number of blocks that   
          can fit on the SM. This kernel's theoretical occupancy (50.0%) is limited by the required amount of shared    
          memory.                                                                                                       

    Section: GPU and Memory Workload Distribution
    -------------------------- ----------- -------------
    Metric Name                Metric Unit  Metric Value
    -------------------------- ----------- -------------
    Average DRAM Active Cycles       cycle    221,752.90
    Total DRAM Elapsed Cycles        cycle   134,886,400
    Average L1 Active Cycles         cycle  3,017,087.52
    Total L1 Elapsed Cycles          cycle   326,939,104
    Average L2 Active Cycles         cycle  2,863,142.79
    Total L2 Elapsed Cycles          cycle   233,134,080
    Average SM Active Cycles         cycle  3,017,087.52
    Total SM Elapsed Cycles          cycle   326,939,104
    Average SMSP Active Cycles       cycle  2,992,612.95
    Total SMSP Elapsed Cycles        cycle 1,307,756,416
    -------------------------- ----------- -------------

Working on config N=32, B=4096
ncu --set basic  --metrics smsp__cycles_active.avg.pct_of_peak_sustained_elapsed,dram__throughput.avg.pct_of_peak_sustained_elapsed,gpu__time_duration.avg --replay-mode kernel  --launch-count 1 ./sobel_gpu 32 4096
==PROF== Connected to process 2138122 (/pscratch/sd/t/tshiknn/cp5/build/sobel_gpu)
==PROF== Profiling "sobel_kernel_gpu" - 0 (1/1): 0%....50%....100% - 12 passes
 Read data from the file data/zebra-gray-int8-4x 
 GPU configuration: 4096 blocks, 32 threads per block 
 Wrote the output file data/processed-gpu-n-4096-b-32.dat 
==PROF== Disconnected from process 2138122
[2138122] sobel_gpu@127.0.0.1
  sobel_kernel_gpu(float *, float *, int, int, int, float *, float *) (4096, 1, 1)x(32, 1, 1), Context 1, Stream 7, Device 0, CC 8.0
    Section: Command line profiler metrics
    ----------------------------------------------------- ----------- ------------
    Metric Name                                           Metric Unit Metric Value
    ----------------------------------------------------- ----------- ------------
    dram__throughput.avg.pct_of_peak_sustained_elapsed              %        13.07
    gpu__time_duration.avg                                    msecond         1.57
    smsp__cycles_active.avg.pct_of_peak_sustained_elapsed           %        98.13
    ----------------------------------------------------- ----------- ------------

    Section: GPU Speed Of Light Throughput
    ----------------------- ------------- ------------
    Metric Name               Metric Unit Metric Value
    ----------------------- ------------- ------------
    DRAM Frequency          cycle/nsecond         1.21
    SM Frequency            cycle/nsecond         1.09
    Elapsed Cycles                  cycle    1,716,273
    Memory Throughput                   %        19.42
    DRAM Throughput                     %        13.07
    Duration                      msecond         1.57
    L1/TEX Cache Throughput             %        19.67
    L2 Cache Throughput                 %        16.74
    SM Active Cycles                cycle 1,705,343.79
    Compute (SM) Throughput             %        31.43
    ----------------------- ------------- ------------

    OPT   This kernel exhibits low compute throughput and memory bandwidth utilization relative to the peak performance 
          of this device. Achieved compute throughput and/or memory bandwidth below 60.0% of peak typically indicate    
          latency issues. Look at Scheduler Statistics and Warp State Statistics for potential reasons.                 

    Section: Launch Statistics
    -------------------------------- --------------- ---------------
    Metric Name                          Metric Unit    Metric Value
    -------------------------------- --------------- ---------------
    Block Size                                                    32
    Function Cache Configuration                     CachePreferNone
    Grid Size                                                  4,096
    Registers Per Thread             register/thread              32
    Shared Memory Configuration Size           Kbyte           32.77
    Driver Shared Memory Per Block       Kbyte/block            1.02
    Dynamic Shared Memory Per Block       byte/block               0
    Static Shared Memory Per Block        byte/block               0
    # SMs                                         SM             108
    Threads                                   thread         131,072
    Uses Green Context                                             0
    Waves Per SM                                                1.19
    -------------------------------- --------------- ---------------

    OPT   Est. Speedup: 50%                                                                                             
          A wave of thread blocks is defined as the maximum number of blocks that can be executed in parallel on the    
          target GPU. The number of blocks in a wave depends on the number of multiprocessors and the theoretical       
          occupancy of the kernel. This kernel launch results in 1 full waves and a partial wave of 639 thread blocks.  
          Under the assumption of a uniform execution duration of all thread blocks, the partial wave may account for   
          up to 50.0% of the total kernel runtime with a lower occupancy of 34.7%. Try launching a grid with no         
          partial wave. The overall impact of this tail effect also lessens with the number of full waves executed for  
          a grid. See the Hardware Model                                                                                
          (https://docs.nvidia.com/nsight-compute/ProfilingGuide/index.html#metrics-hw-model) description for more      
          details on launch configurations.                                                                             

    Section: Occupancy
    ------------------------------- ----------- ------------
    Metric Name                     Metric Unit Metric Value
    ------------------------------- ----------- ------------
    Block Limit SM                        block           32
    Block Limit Registers                 block           64
    Block Limit Shared Mem                block           32
    Block Limit Warps                     block           64
    Theoretical Active Warps per SM        warp           32
    Theoretical Occupancy                     %           50
    Achieved Occupancy                        %        32.64
    Achieved Active Warps Per SM           warp        20.89
    ------------------------------- ----------- ------------

    OPT   Est. Local Speedup: 34.72%                                                                                    
          The difference between calculated theoretical (50.0%) and measured achieved occupancy (32.6%) can be the      
          result of warp scheduling overheads or workload imbalances during the kernel execution. Load imbalances can   
          occur between warps within a block as well as across blocks of the same kernel. See the CUDA Best Practices   
          Guide (https://docs.nvidia.com/cuda/cuda-c-best-practices-guide/index.html#occupancy) for more details on     
          optimizing occupancy.                                                                                         
    ----- --------------------------------------------------------------------------------------------------------------
    OPT   Est. Local Speedup: 50%                                                                                       
          The 8.00 theoretical warps per scheduler this kernel can issue according to its occupancy are below the       
          hardware maximum of 16. This kernel's theoretical occupancy (50.0%) is limited by the number of blocks that   
          can fit on the SM. This kernel's theoretical occupancy (50.0%) is limited by the required amount of shared    
          memory.                                                                                                       

    Section: GPU and Memory Workload Distribution
    -------------------------- ----------- ------------
    Metric Name                Metric Unit Metric Value
    -------------------------- ----------- ------------
    Average DRAM Active Cycles       cycle   248,858.20
    Total DRAM Elapsed Cycles        cycle   76,176,640
    Average L1 Active Cycles         cycle 1,705,343.79
    Total L1 Elapsed Cycles          cycle  186,541,718
    Average L2 Active Cycles         cycle 1,628,481.36
    Total L2 Elapsed Cycles          cycle  131,651,200
    Average SM Active Cycles         cycle 1,705,343.79
    Total SM Elapsed Cycles          cycle  186,541,718
    Average SMSP Active Cycles       cycle 1,694,858.13
    Total SMSP Elapsed Cycles        cycle  746,166,872
    -------------------------- ----------- ------------

Working on config N=64, B=1
ncu --set basic  --metrics smsp__cycles_active.avg.pct_of_peak_sustained_elapsed,dram__throughput.avg.pct_of_peak_sustained_elapsed,gpu__time_duration.avg --replay-mode kernel  --launch-count 1 ./sobel_gpu 64 1
==PROF== Connected to process 2138156 (/pscratch/sd/t/tshiknn/cp5/build/sobel_gpu)
==PROF== Profiling "sobel_kernel_gpu" - 0 (1/1): 0%....50%....100% - 12 passes
 Read data from the file data/zebra-gray-int8-4x 
 GPU configuration: 1 blocks, 64 threads per block 
 Wrote the output file data/processed-gpu-n-1-b-64.dat 
==PROF== Disconnected from process 2138156
[2138156] sobel_gpu@127.0.0.1
  sobel_kernel_gpu(float *, float *, int, int, int, float *, float *) (1, 1, 1)x(64, 1, 1), Context 1, Stream 7, Device 0, CC 8.0
    Section: Command line profiler metrics
    ----------------------------------------------------- ----------- ------------
    Metric Name                                           Metric Unit Metric Value
    ----------------------------------------------------- ----------- ------------
    dram__throughput.avg.pct_of_peak_sustained_elapsed              %         0.02
    gpu__time_duration.avg                                    msecond       812.70
    smsp__cycles_active.avg.pct_of_peak_sustained_elapsed           %         0.46
    ----------------------------------------------------- ----------- ------------

    Section: GPU Speed Of Light Throughput
    ----------------------- ------------- ------------
    Metric Name               Metric Unit Metric Value
    ----------------------- ------------- ------------
    DRAM Frequency          cycle/nsecond         1.21
    SM Frequency            cycle/nsecond         1.09
    Elapsed Cycles                  cycle  889,911,269
    Memory Throughput                   %         0.03
    DRAM Throughput                     %         0.02
    Duration                      msecond       812.70
    L1/TEX Cache Throughput             %         3.73
    L2 Cache Throughput                 %         0.02
    SM Active Cycles                cycle 8,239,899.62
    Compute (SM) Throughput             %         0.06
    ----------------------- ------------- ------------

    OPT   This kernel grid is too small to fill the available resources on this device, resulting in only 0.0 full      
          waves across all SMs. Look at Launch Statistics for more details.                                             

    Section: Launch Statistics
    -------------------------------- --------------- ---------------
    Metric Name                          Metric Unit    Metric Value
    -------------------------------- --------------- ---------------
    Block Size                                                    64
    Function Cache Configuration                     CachePreferNone
    Grid Size                                                      1
    Registers Per Thread             register/thread              32
    Shared Memory Configuration Size           Kbyte           32.77
    Driver Shared Memory Per Block       Kbyte/block            1.02
    Dynamic Shared Memory Per Block       byte/block               0
    Static Shared Memory Per Block        byte/block               0
    # SMs                                         SM             108
    Threads                                   thread              64
    Uses Green Context                                             0
    Waves Per SM                                                0.00
    -------------------------------- --------------- ---------------

    OPT   Est. Speedup: 99.07%                                                                                          
          The grid for this launch is configured to execute only 1 blocks, which is less than the GPU's 108             
          multiprocessors. This can underutilize some multiprocessors. If you do not intend to execute this kernel      
          concurrently with other workloads, consider reducing the block size to have at least one block per            
          multiprocessor or increase the size of the grid to fully utilize the available hardware resources. See the    
          Hardware Model (https://docs.nvidia.com/nsight-compute/ProfilingGuide/index.html#metrics-hw-model)            
          description for more details on launch configurations.                                                        

    Section: Occupancy
    ------------------------------- ----------- ------------
    Metric Name                     Metric Unit Metric Value
    ------------------------------- ----------- ------------
    Block Limit SM                        block           32
    Block Limit Registers                 block           32
    Block Limit Shared Mem                block           32
    Block Limit Warps                     block           32
    Theoretical Active Warps per SM        warp           64
    Theoretical Occupancy                     %          100
    Achieved Occupancy                        %         3.12
    Achieved Active Warps Per SM           warp         2.00
    ------------------------------- ----------- ------------

    OPT   Est. Local Speedup: 96.88%                                                                                    
          The difference between calculated theoretical (100.0%) and measured achieved occupancy (3.1%) can be the      
          result of warp scheduling overheads or workload imbalances during the kernel execution. Load imbalances can   
          occur between warps within a block as well as across blocks of the same kernel. See the CUDA Best Practices   
          Guide (https://docs.nvidia.com/cuda/cuda-c-best-practices-guide/index.html#occupancy) for more details on     
          optimizing occupancy.                                                                                         

    Section: GPU and Memory Workload Distribution
    -------------------------- ----------- ---------------
    Metric Name                Metric Unit    Metric Value
    -------------------------- ----------- ---------------
    Average DRAM Active Cycles       cycle      223,874.50
    Total DRAM Elapsed Cycles        cycle  39,497,431,552
    Average L1 Active Cycles         cycle    8,239,899.62
    Total L1 Elapsed Cycles          cycle  96,107,431,076
    Average L2 Active Cycles         cycle   14,004,191.24
    Total L2 Elapsed Cycles          cycle  68,267,132,400
    Average SM Active Cycles         cycle    8,239,899.62
    Total SM Elapsed Cycles          cycle  96,107,431,076
    Average SMSP Active Cycles       cycle    4,119,746.01
    Total SMSP Elapsed Cycles        cycle 384,429,724,304
    -------------------------- ----------- ---------------

Working on config N=64, B=4
ncu --set basic  --metrics smsp__cycles_active.avg.pct_of_peak_sustained_elapsed,dram__throughput.avg.pct_of_peak_sustained_elapsed,gpu__time_duration.avg --replay-mode kernel  --launch-count 1 ./sobel_gpu 64 4
==PROF== Connected to process 2138229 (/pscratch/sd/t/tshiknn/cp5/build/sobel_gpu)
==PROF== Profiling "sobel_kernel_gpu" - 0 (1/1): 0%....50%....100% - 12 passes
 Read data from the file data/zebra-gray-int8-4x 
 GPU configuration: 4 blocks, 64 threads per block 
 Wrote the output file data/processed-gpu-n-4-b-64.dat 
==PROF== Disconnected from process 2138229
[2138229] sobel_gpu@127.0.0.1
  sobel_kernel_gpu(float *, float *, int, int, int, float *, float *) (4, 1, 1)x(64, 1, 1), Context 1, Stream 7, Device 0, CC 8.0
    Section: Command line profiler metrics
    ----------------------------------------------------- ----------- ------------
    Metric Name                                           Metric Unit Metric Value
    ----------------------------------------------------- ----------- ------------
    dram__throughput.avg.pct_of_peak_sustained_elapsed              %         0.07
    gpu__time_duration.avg                                    msecond       274.99
    smsp__cycles_active.avg.pct_of_peak_sustained_elapsed           %         1.85
    ----------------------------------------------------- ----------- ------------

    Section: GPU Speed Of Light Throughput
    ----------------------- ------------- -------------
    Metric Name               Metric Unit  Metric Value
    ----------------------- ------------- -------------
    DRAM Frequency          cycle/nsecond          1.21
    SM Frequency            cycle/nsecond          1.09
    Elapsed Cycles                  cycle   301,113,808
    Memory Throughput                   %          0.11
    DRAM Throughput                     %          0.07
    Duration                      msecond        274.99
    L1/TEX Cache Throughput             %          3.05
    L2 Cache Throughput                 %          0.09
    SM Active Cycles                cycle 11,148,881.35
    Compute (SM) Throughput             %          0.18
    ----------------------- ------------- -------------

    OPT   This kernel grid is too small to fill the available resources on this device, resulting in only 0.0 full      
          waves across all SMs. Look at Launch Statistics for more details.                                             

    Section: Launch Statistics
    -------------------------------- --------------- ---------------
    Metric Name                          Metric Unit    Metric Value
    -------------------------------- --------------- ---------------
    Block Size                                                    64
    Function Cache Configuration                     CachePreferNone
    Grid Size                                                      4
    Registers Per Thread             register/thread              32
    Shared Memory Configuration Size           Kbyte           32.77
    Driver Shared Memory Per Block       Kbyte/block            1.02
    Dynamic Shared Memory Per Block       byte/block               0
    Static Shared Memory Per Block        byte/block               0
    # SMs                                         SM             108
    Threads                                   thread             256
    Uses Green Context                                             0
    Waves Per SM                                                0.00
    -------------------------------- --------------- ---------------

    OPT   Est. Speedup: 96.3%                                                                                           
          The grid for this launch is configured to execute only 4 blocks, which is less than the GPU's 108             
          multiprocessors. This can underutilize some multiprocessors. If you do not intend to execute this kernel      
          concurrently with other workloads, consider reducing the block size to have at least one block per            
          multiprocessor or increase the size of the grid to fully utilize the available hardware resources. See the    
          Hardware Model (https://docs.nvidia.com/nsight-compute/ProfilingGuide/index.html#metrics-hw-model)            
          description for more details on launch configurations.                                                        

    Section: Occupancy
    ------------------------------- ----------- ------------
    Metric Name                     Metric Unit Metric Value
    ------------------------------- ----------- ------------
    Block Limit SM                        block           32
    Block Limit Registers                 block           32
    Block Limit Shared Mem                block           32
    Block Limit Warps                     block           32
    Theoretical Active Warps per SM        warp           64
    Theoretical Occupancy                     %          100
    Achieved Occupancy                        %         3.13
    Achieved Active Warps Per SM           warp         2.00
    ------------------------------- ----------- ------------

    OPT   Est. Local Speedup: 96.87%                                                                                    
          The difference between calculated theoretical (100.0%) and measured achieved occupancy (3.1%) can be the      
          result of warp scheduling overheads or workload imbalances during the kernel execution. Load imbalances can   
          occur between warps within a block as well as across blocks of the same kernel. See the CUDA Best Practices   
          Guide (https://docs.nvidia.com/cuda/cuda-c-best-practices-guide/index.html#occupancy) for more details on     
          optimizing occupancy.                                                                                         

    Section: GPU and Memory Workload Distribution
    -------------------------- ----------- ---------------
    Metric Name                Metric Unit    Metric Value
    -------------------------- ----------- ---------------
    Average DRAM Active Cycles       cycle         222,986
    Total DRAM Elapsed Cycles        cycle  13,364,503,808
    Average L1 Active Cycles         cycle   11,148,881.35
    Total L1 Elapsed Cycles          cycle  32,534,585,264
    Average L2 Active Cycles         cycle   16,685,231.55
    Total L2 Elapsed Cycles          cycle  23,099,118,880
    Average SM Active Cycles         cycle   11,148,881.35
    Total SM Elapsed Cycles          cycle  32,534,585,264
    Average SMSP Active Cycles       cycle    5,572,486.11
    Total SMSP Elapsed Cycles        cycle 130,138,341,056
    -------------------------- ----------- ---------------

Working on config N=64, B=16
ncu --set basic  --metrics smsp__cycles_active.avg.pct_of_peak_sustained_elapsed,dram__throughput.avg.pct_of_peak_sustained_elapsed,gpu__time_duration.avg --replay-mode kernel  --launch-count 1 ./sobel_gpu 64 16
==PROF== Connected to process 2138263 (/pscratch/sd/t/tshiknn/cp5/build/sobel_gpu)
==PROF== Profiling "sobel_kernel_gpu" - 0 (1/1): 0%....50%....100% - 12 passes
 Read data from the file data/zebra-gray-int8-4x 
 GPU configuration: 16 blocks, 64 threads per block 
 Wrote the output file data/processed-gpu-n-16-b-64.dat 
==PROF== Disconnected from process 2138263
[2138263] sobel_gpu@127.0.0.1
  sobel_kernel_gpu(float *, float *, int, int, int, float *, float *) (16, 1, 1)x(64, 1, 1), Context 1, Stream 7, Device 0, CC 8.0
    Section: Command line profiler metrics
    ----------------------------------------------------- ----------- ------------
    Metric Name                                           Metric Unit Metric Value
    ----------------------------------------------------- ----------- ------------
    dram__throughput.avg.pct_of_peak_sustained_elapsed              %         0.26
    gpu__time_duration.avg                                    msecond        71.24
    smsp__cycles_active.avg.pct_of_peak_sustained_elapsed           %         7.40
    ----------------------------------------------------- ----------- ------------

    Section: GPU Speed Of Light Throughput
    ----------------------- ------------- -------------
    Metric Name               Metric Unit  Metric Value
    ----------------------- ------------- -------------
    DRAM Frequency          cycle/nsecond          1.21
    SM Frequency            cycle/nsecond          1.09
    Elapsed Cycles                  cycle    78,009,253
    Memory Throughput                   %          0.44
    DRAM Throughput                     %          0.26
    Duration                      msecond         71.24
    L1/TEX Cache Throughput             %          2.95
    L2 Cache Throughput                 %          0.31
    SM Active Cycles                cycle 11,541,962.45
    Compute (SM) Throughput             %          0.70
    ----------------------- ------------- -------------

    OPT   This kernel grid is too small to fill the available resources on this device, resulting in only 0.0 full      
          waves across all SMs. Look at Launch Statistics for more details.                                             

    Section: Launch Statistics
    -------------------------------- --------------- ---------------
    Metric Name                          Metric Unit    Metric Value
    -------------------------------- --------------- ---------------
    Block Size                                                    64
    Function Cache Configuration                     CachePreferNone
    Grid Size                                                     16
    Registers Per Thread             register/thread              32
    Shared Memory Configuration Size           Kbyte           32.77
    Driver Shared Memory Per Block       Kbyte/block            1.02
    Dynamic Shared Memory Per Block       byte/block               0
    Static Shared Memory Per Block        byte/block               0
    # SMs                                         SM             108
    Threads                                   thread           1,024
    Uses Green Context                                             0
    Waves Per SM                                                0.00
    -------------------------------- --------------- ---------------

    OPT   Est. Speedup: 85.19%                                                                                          
          The grid for this launch is configured to execute only 16 blocks, which is less than the GPU's 108            
          multiprocessors. This can underutilize some multiprocessors. If you do not intend to execute this kernel      
          concurrently with other workloads, consider reducing the block size to have at least one block per            
          multiprocessor or increase the size of the grid to fully utilize the available hardware resources. See the    
          Hardware Model (https://docs.nvidia.com/nsight-compute/ProfilingGuide/index.html#metrics-hw-model)            
          description for more details on launch configurations.                                                        

    Section: Occupancy
    ------------------------------- ----------- ------------
    Metric Name                     Metric Unit Metric Value
    ------------------------------- ----------- ------------
    Block Limit SM                        block           32
    Block Limit Registers                 block           32
    Block Limit Shared Mem                block           32
    Block Limit Warps                     block           32
    Theoretical Active Warps per SM        warp           64
    Theoretical Occupancy                     %          100
    Achieved Occupancy                        %         3.12
    Achieved Active Warps Per SM           warp         2.00
    ------------------------------- ----------- ------------

    OPT   Est. Local Speedup: 96.88%                                                                                    
          The difference between calculated theoretical (100.0%) and measured achieved occupancy (3.1%) can be the      
          result of warp scheduling overheads or workload imbalances during the kernel execution. Load imbalances can   
          occur between warps within a block as well as across blocks of the same kernel. See the CUDA Best Practices   
          Guide (https://docs.nvidia.com/cuda/cuda-c-best-practices-guide/index.html#occupancy) for more details on     
          optimizing occupancy.                                                                                         

    Section: GPU and Memory Workload Distribution
    -------------------------- ----------- --------------
    Metric Name                Metric Unit   Metric Value
    -------------------------- ----------- --------------
    Average DRAM Active Cycles       cycle     221,232.20
    Total DRAM Elapsed Cycles        cycle  3,462,327,552
    Average L1 Active Cycles         cycle  11,541,962.45
    Total L1 Elapsed Cycles          cycle  8,424,659,100
    Average L2 Active Cycles         cycle  15,245,753.91
    Total L2 Elapsed Cycles          cycle  5,984,267,360
    Average SM Active Cycles         cycle  11,541,962.45
    Total SM Elapsed Cycles          cycle  8,424,659,100
    Average SMSP Active Cycles       cycle   5,771,139.76
    Total SMSP Elapsed Cycles        cycle 33,698,636,400
    -------------------------- ----------- --------------

    OPT   Est. Speedup: 12.61%                                                                                          
          One or more SMs have a much lower number of active cycles than the average number of active cycles. Maximum   
          instance value is 85.20% above the average, while the minimum instance value is 100.00% below the average.    
    ----- --------------------------------------------------------------------------------------------------------------
    OPT   Est. Speedup: 6.851%                                                                                          
          One or more SMSPs have a much lower number of active cycles than the average number of active cycles. Maximum 
          instance value is 92.60% above the average, while the minimum instance value is 100.00% below the average.    
    ----- --------------------------------------------------------------------------------------------------------------
    OPT   Est. Speedup: 12.61%                                                                                          
          One or more L1 Slices have a much lower number of active cycles than the average number of active cycles.     
          Maximum instance value is 85.20% above the average, while the minimum instance value is 100.00% below the     
          average.                                                                                                      

Working on config N=64, B=64
ncu --set basic  --metrics smsp__cycles_active.avg.pct_of_peak_sustained_elapsed,dram__throughput.avg.pct_of_peak_sustained_elapsed,gpu__time_duration.avg --replay-mode kernel  --launch-count 1 ./sobel_gpu 64 64
==PROF== Connected to process 2138335 (/pscratch/sd/t/tshiknn/cp5/build/sobel_gpu)
==PROF== Profiling "sobel_kernel_gpu" - 0 (1/1): 0%....50%....100% - 12 passes
 Read data from the file data/zebra-gray-int8-4x 
 GPU configuration: 64 blocks, 64 threads per block 
 Wrote the output file data/processed-gpu-n-64-b-64.dat 
==PROF== Disconnected from process 2138335
[2138335] sobel_gpu@127.0.0.1
  sobel_kernel_gpu(float *, float *, int, int, int, float *, float *) (64, 1, 1)x(64, 1, 1), Context 1, Stream 7, Device 0, CC 8.0
    Section: Command line profiler metrics
    ----------------------------------------------------- ----------- ------------
    Metric Name                                           Metric Unit Metric Value
    ----------------------------------------------------- ----------- ------------
    dram__throughput.avg.pct_of_peak_sustained_elapsed              %         1.04
    gpu__time_duration.avg                                    msecond        17.51
    smsp__cycles_active.avg.pct_of_peak_sustained_elapsed           %        29.64
    ----------------------------------------------------- ----------- ------------

    Section: GPU Speed Of Light Throughput
    ----------------------- ------------- -------------
    Metric Name               Metric Unit  Metric Value
    ----------------------- ------------- -------------
    DRAM Frequency          cycle/nsecond          1.21
    SM Frequency            cycle/nsecond          1.09
    Elapsed Cycles                  cycle    19,173,024
    Memory Throughput                   %          1.72
    DRAM Throughput                     %          1.04
    Duration                      msecond         17.51
    L1/TEX Cache Throughput             %          2.91
    L2 Cache Throughput                 %          1.44
    SM Active Cycles                cycle 11,353,871.51
    Compute (SM) Throughput             %          2.83
    ----------------------- ------------- -------------

    OPT   This kernel grid is too small to fill the available resources on this device, resulting in only 0.0 full      
          waves across all SMs. Look at Launch Statistics for more details.                                             

    Section: Launch Statistics
    -------------------------------- --------------- ---------------
    Metric Name                          Metric Unit    Metric Value
    -------------------------------- --------------- ---------------
    Block Size                                                    64
    Function Cache Configuration                     CachePreferNone
    Grid Size                                                     64
    Registers Per Thread             register/thread              32
    Shared Memory Configuration Size           Kbyte           32.77
    Driver Shared Memory Per Block       Kbyte/block            1.02
    Dynamic Shared Memory Per Block       byte/block               0
    Static Shared Memory Per Block        byte/block               0
    # SMs                                         SM             108
    Threads                                   thread           4,096
    Uses Green Context                                             0
    Waves Per SM                                                0.02
    -------------------------------- --------------- ---------------

    OPT   Est. Speedup: 40.74%                                                                                          
          The grid for this launch is configured to execute only 64 blocks, which is less than the GPU's 108            
          multiprocessors. This can underutilize some multiprocessors. If you do not intend to execute this kernel      
          concurrently with other workloads, consider reducing the block size to have at least one block per            
          multiprocessor or increase the size of the grid to fully utilize the available hardware resources. See the    
          Hardware Model (https://docs.nvidia.com/nsight-compute/ProfilingGuide/index.html#metrics-hw-model)            
          description for more details on launch configurations.                                                        

    Section: Occupancy
    ------------------------------- ----------- ------------
    Metric Name                     Metric Unit Metric Value
    ------------------------------- ----------- ------------
    Block Limit SM                        block           32
    Block Limit Registers                 block           32
    Block Limit Shared Mem                block           32
    Block Limit Warps                     block           32
    Theoretical Active Warps per SM        warp           64
    Theoretical Occupancy                     %          100
    Achieved Occupancy                        %         3.13
    Achieved Active Warps Per SM           warp         2.00
    ------------------------------- ----------- ------------

    OPT   Est. Local Speedup: 96.87%                                                                                    
          The difference between calculated theoretical (100.0%) and measured achieved occupancy (3.1%) can be the      
          result of warp scheduling overheads or workload imbalances during the kernel execution. Load imbalances can   
          occur between warps within a block as well as across blocks of the same kernel. See the CUDA Best Practices   
          Guide (https://docs.nvidia.com/cuda/cuda-c-best-practices-guide/index.html#occupancy) for more details on     
          optimizing occupancy.                                                                                         

    Section: GPU and Memory Workload Distribution
    -------------------------- ----------- -------------
    Metric Name                Metric Unit  Metric Value
    -------------------------- ----------- -------------
    Average DRAM Active Cycles       cycle    221,612.50
    Total DRAM Elapsed Cycles        cycle   850,967,552
    Average L1 Active Cycles         cycle 11,353,871.51
    Total L1 Elapsed Cycles          cycle 2,070,706,138
    Average L2 Active Cycles         cycle  9,927,953.34
    Total L2 Elapsed Cycles          cycle 1,470,806,080
    Average SM Active Cycles         cycle 11,353,871.51
    Total SM Elapsed Cycles          cycle 2,070,706,138
    Average SMSP Active Cycles       cycle  5,682,044.44
    Total SMSP Elapsed Cycles        cycle 8,282,824,552
    -------------------------- ----------- -------------

    OPT   Est. Speedup: 24.15%                                                                                          
          One or more SMs have a much lower number of active cycles than the average number of active cycles. Maximum   
          instance value is 40.77% above the average, while the minimum instance value is 100.00% below the average.    
    ----- --------------------------------------------------------------------------------------------------------------
    OPT   Est. Speedup: 20.86%                                                                                          
          One or more SMSPs have a much lower number of active cycles than the average number of active cycles. Maximum 
          instance value is 70.38% above the average, while the minimum instance value is 100.00% below the average.    
    ----- --------------------------------------------------------------------------------------------------------------
    OPT   Est. Speedup: 24.15%                                                                                          
          One or more L1 Slices have a much lower number of active cycles than the average number of active cycles.     
          Maximum instance value is 40.77% above the average, while the minimum instance value is 100.00% below the     
          average.                                                                                                      

Working on config N=64, B=256
ncu --set basic  --metrics smsp__cycles_active.avg.pct_of_peak_sustained_elapsed,dram__throughput.avg.pct_of_peak_sustained_elapsed,gpu__time_duration.avg --replay-mode kernel  --launch-count 1 ./sobel_gpu 64 256
==PROF== Connected to process 2138370 (/pscratch/sd/t/tshiknn/cp5/build/sobel_gpu)
==PROF== Profiling "sobel_kernel_gpu" - 0 (1/1): 0%....50%....100% - 12 passes
 Read data from the file data/zebra-gray-int8-4x 
 GPU configuration: 256 blocks, 64 threads per block 
 Wrote the output file data/processed-gpu-n-256-b-64.dat 
==PROF== Disconnected from process 2138370
[2138370] sobel_gpu@127.0.0.1
  sobel_kernel_gpu(float *, float *, int, int, int, float *, float *) (256, 1, 1)x(64, 1, 1), Context 1, Stream 7, Device 0, CC 8.0
    Section: Command line profiler metrics
    ----------------------------------------------------- ----------- ------------
    Metric Name                                           Metric Unit Metric Value
    ----------------------------------------------------- ----------- ------------
    dram__throughput.avg.pct_of_peak_sustained_elapsed              %         3.58
    gpu__time_duration.avg                                    msecond         5.10
    smsp__cycles_active.avg.pct_of_peak_sustained_elapsed           %        91.11
    ----------------------------------------------------- ----------- ------------

    Section: GPU Speed Of Light Throughput
    ----------------------- ------------- ------------
    Metric Name               Metric Unit Metric Value
    ----------------------- ------------- ------------
    DRAM Frequency          cycle/nsecond         1.21
    SM Frequency            cycle/nsecond         1.09
    Elapsed Cycles                  cycle    5,583,855
    Memory Throughput                   %         6.00
    DRAM Throughput                     %         3.58
    Duration                      msecond         5.10
    L1/TEX Cache Throughput             %         6.09
    L2 Cache Throughput                 %         4.67
    SM Active Cycles                cycle 5,521,421.03
    Compute (SM) Throughput             %         9.68
    ----------------------- ------------- ------------

    OPT   This kernel grid is too small to fill the available resources on this device, resulting in only 0.1 full      
          waves across all SMs. Look at Launch Statistics for more details.                                             

    Section: Launch Statistics
    -------------------------------- --------------- ---------------
    Metric Name                          Metric Unit    Metric Value
    -------------------------------- --------------- ---------------
    Block Size                                                    64
    Function Cache Configuration                     CachePreferNone
    Grid Size                                                    256
    Registers Per Thread             register/thread              32
    Shared Memory Configuration Size           Kbyte           32.77
    Driver Shared Memory Per Block       Kbyte/block            1.02
    Dynamic Shared Memory Per Block       byte/block               0
    Static Shared Memory Per Block        byte/block               0
    # SMs                                         SM             108
    Threads                                   thread          16,384
    Uses Green Context                                             0
    Waves Per SM                                                0.07
    -------------------------------- --------------- ---------------

    Section: Occupancy
    ------------------------------- ----------- ------------
    Metric Name                     Metric Unit Metric Value
    ------------------------------- ----------- ------------
    Block Limit SM                        block           32
    Block Limit Registers                 block           32
    Block Limit Shared Mem                block           32
    Block Limit Warps                     block           32
    Theoretical Active Warps per SM        warp           64
    Theoretical Occupancy                     %          100
    Achieved Occupancy                        %         7.38
    Achieved Active Warps Per SM           warp         4.72
    ------------------------------- ----------- ------------

    OPT   Est. Local Speedup: 92.62%                                                                                    
          The difference between calculated theoretical (100.0%) and measured achieved occupancy (7.4%) can be the      
          result of warp scheduling overheads or workload imbalances during the kernel execution. Load imbalances can   
          occur between warps within a block as well as across blocks of the same kernel. See the CUDA Best Practices   
          Guide (https://docs.nvidia.com/cuda/cuda-c-best-practices-guide/index.html#occupancy) for more details on     
          optimizing occupancy.                                                                                         

    Section: GPU and Memory Workload Distribution
    -------------------------- ----------- -------------
    Metric Name                Metric Unit  Metric Value
    -------------------------- ----------- -------------
    Average DRAM Active Cycles       cycle    221,519.80
    Total DRAM Elapsed Cycles        cycle   247,830,656
    Average L1 Active Cycles         cycle  5,521,421.03
    Total L1 Elapsed Cycles          cycle   605,285,478
    Average L2 Active Cycles         cycle  4,967,509.92
    Total L2 Elapsed Cycles          cycle   428,348,800
    Average SM Active Cycles         cycle  5,521,421.03
    Total SM Elapsed Cycles          cycle   605,285,478
    Average SMSP Active Cycles       cycle  5,106,101.63
    Total SMSP Elapsed Cycles        cycle 2,421,141,912
    -------------------------- ----------- -------------

    OPT   Est. Speedup: 8.551%                                                                                          
          One or more SMSPs have a much lower number of active cycles than the average number of active cycles. Maximum 
          instance value is 9.39% above the average, while the minimum instance value is 100.00% below the average.     

Working on config N=64, B=1024
ncu --set basic  --metrics smsp__cycles_active.avg.pct_of_peak_sustained_elapsed,dram__throughput.avg.pct_of_peak_sustained_elapsed,gpu__time_duration.avg --replay-mode kernel  --launch-count 1 ./sobel_gpu 64 1024
==PROF== Connected to process 2138404 (/pscratch/sd/t/tshiknn/cp5/build/sobel_gpu)
==PROF== Profiling "sobel_kernel_gpu" - 0 (1/1): 0%....50%....100% - 12 passes
 Read data from the file data/zebra-gray-int8-4x 
 GPU configuration: 1024 blocks, 64 threads per block 
 Wrote the output file data/processed-gpu-n-1024-b-64.dat 
==PROF== Disconnected from process 2138404
[2138404] sobel_gpu@127.0.0.1
  sobel_kernel_gpu(float *, float *, int, int, int, float *, float *) (1024, 1, 1)x(64, 1, 1), Context 1, Stream 7, Device 0, CC 8.0
    Section: Command line profiler metrics
    ----------------------------------------------------- ----------- ------------
    Metric Name                                           Metric Unit Metric Value
    ----------------------------------------------------- ----------- ------------
    dram__throughput.avg.pct_of_peak_sustained_elapsed              %        11.44
    gpu__time_duration.avg                                    msecond         1.60
    smsp__cycles_active.avg.pct_of_peak_sustained_elapsed           %        97.01
    ----------------------------------------------------- ----------- ------------

    Section: GPU Speed Of Light Throughput
    ----------------------- ------------- ------------
    Metric Name               Metric Unit Metric Value
    ----------------------- ------------- ------------
    DRAM Frequency          cycle/nsecond         1.21
    SM Frequency            cycle/nsecond         1.09
    Elapsed Cycles                  cycle    1,749,847
    Memory Throughput                   %        19.48
    DRAM Throughput                     %        11.44
    Duration                      msecond         1.60
    L1/TEX Cache Throughput             %        19.87
    L2 Cache Throughput                 %        15.15
    SM Active Cycles                cycle 1,716,933.06
    Compute (SM) Throughput             %        30.99
    ----------------------- ------------- ------------

    OPT   This kernel grid is too small to fill the available resources on this device, resulting in only 0.3 full      
          waves across all SMs. Look at Launch Statistics for more details.                                             

    Section: Launch Statistics
    -------------------------------- --------------- ---------------
    Metric Name                          Metric Unit    Metric Value
    -------------------------------- --------------- ---------------
    Block Size                                                    64
    Function Cache Configuration                     CachePreferNone
    Grid Size                                                  1,024
    Registers Per Thread             register/thread              32
    Shared Memory Configuration Size           Kbyte           32.77
    Driver Shared Memory Per Block       Kbyte/block            1.02
    Dynamic Shared Memory Per Block       byte/block               0
    Static Shared Memory Per Block        byte/block               0
    # SMs                                         SM             108
    Threads                                   thread          65,536
    Uses Green Context                                             0
    Waves Per SM                                                0.30
    -------------------------------- --------------- ---------------

    Section: Occupancy
    ------------------------------- ----------- ------------
    Metric Name                     Metric Unit Metric Value
    ------------------------------- ----------- ------------
    Block Limit SM                        block           32
    Block Limit Registers                 block           32
    Block Limit Shared Mem                block           32
    Block Limit Warps                     block           32
    Theoretical Active Warps per SM        warp           64
    Theoretical Occupancy                     %          100
    Achieved Occupancy                        %        28.86
    Achieved Active Warps Per SM           warp        18.47
    ------------------------------- ----------- ------------

    OPT   Est. Local Speedup: 71.14%                                                                                    
          The difference between calculated theoretical (100.0%) and measured achieved occupancy (28.9%) can be the     
          result of warp scheduling overheads or workload imbalances during the kernel execution. Load imbalances can   
          occur between warps within a block as well as across blocks of the same kernel. See the CUDA Best Practices   
          Guide (https://docs.nvidia.com/cuda/cuda-c-best-practices-guide/index.html#occupancy) for more details on     
          optimizing occupancy.                                                                                         

    Section: GPU and Memory Workload Distribution
    -------------------------- ----------- ------------
    Metric Name                Metric Unit Metric Value
    -------------------------- ----------- ------------
    Average DRAM Active Cycles       cycle      222,201
    Total DRAM Elapsed Cycles        cycle   77,667,584
    Average L1 Active Cycles         cycle 1,716,933.06
    Total L1 Elapsed Cycles          cycle  189,143,944
    Average L2 Active Cycles         cycle 1,638,034.79
    Total L2 Elapsed Cycles          cycle  134,228,800
    Average SM Active Cycles         cycle 1,716,933.06
    Total SM Elapsed Cycles          cycle  189,143,944
    Average SMSP Active Cycles       cycle 1,699,007.25
    Total SMSP Elapsed Cycles        cycle  756,575,776
    -------------------------- ----------- ------------

Working on config N=64, B=4096
ncu --set basic  --metrics smsp__cycles_active.avg.pct_of_peak_sustained_elapsed,dram__throughput.avg.pct_of_peak_sustained_elapsed,gpu__time_duration.avg --replay-mode kernel  --launch-count 1 ./sobel_gpu 64 4096
==PROF== Connected to process 2138473 (/pscratch/sd/t/tshiknn/cp5/build/sobel_gpu)
==PROF== Profiling "sobel_kernel_gpu" - 0 (1/1): 0%....50%....100% - 12 passes
 Read data from the file data/zebra-gray-int8-4x 
 GPU configuration: 4096 blocks, 64 threads per block 
 Wrote the output file data/processed-gpu-n-4096-b-64.dat 
==PROF== Disconnected from process 2138473
[2138473] sobel_gpu@127.0.0.1
  sobel_kernel_gpu(float *, float *, int, int, int, float *, float *) (4096, 1, 1)x(64, 1, 1), Context 1, Stream 7, Device 0, CC 8.0
    Section: Command line profiler metrics
    ----------------------------------------------------- ----------- ------------
    Metric Name                                           Metric Unit Metric Value
    ----------------------------------------------------- ----------- ------------
    dram__throughput.avg.pct_of_peak_sustained_elapsed              %        20.78
    gpu__time_duration.avg                                    usecond       934.43
    smsp__cycles_active.avg.pct_of_peak_sustained_elapsed           %        97.70
    ----------------------------------------------------- ----------- ------------

    Section: GPU Speed Of Light Throughput
    ----------------------- ------------- ------------
    Metric Name               Metric Unit Metric Value
    ----------------------- ------------- ------------
    DRAM Frequency          cycle/nsecond         1.21
    SM Frequency            cycle/nsecond         1.09
    Elapsed Cycles                  cycle    1,022,930
    Memory Throughput                   %        33.58
    DRAM Throughput                     %        20.78
    Duration                      usecond       934.43
    L1/TEX Cache Throughput             %        34.16
    L2 Cache Throughput                 %        25.80
    SM Active Cycles                cycle 1,005,381.52
    Compute (SM) Throughput             %        53.09
    ----------------------- ------------- ------------

    OPT   This kernel exhibits low compute throughput and memory bandwidth utilization relative to the peak performance 
          of this device. Achieved compute throughput and/or memory bandwidth below 60.0% of peak typically indicate    
          latency issues. Look at Scheduler Statistics and Warp State Statistics for potential reasons.                 

    Section: Launch Statistics
    -------------------------------- --------------- ---------------
    Metric Name                          Metric Unit    Metric Value
    -------------------------------- --------------- ---------------
    Block Size                                                    64
    Function Cache Configuration                     CachePreferNone
    Grid Size                                                  4,096
    Registers Per Thread             register/thread              32
    Shared Memory Configuration Size           Kbyte           32.77
    Driver Shared Memory Per Block       Kbyte/block            1.02
    Dynamic Shared Memory Per Block       byte/block               0
    Static Shared Memory Per Block        byte/block               0
    # SMs                                         SM             108
    Threads                                   thread         262,144
    Uses Green Context                                             0
    Waves Per SM                                                1.19
    -------------------------------- --------------- ---------------

    OPT   Est. Speedup: 50%                                                                                             
          A wave of thread blocks is defined as the maximum number of blocks that can be executed in parallel on the    
          target GPU. The number of blocks in a wave depends on the number of multiprocessors and the theoretical       
          occupancy of the kernel. This kernel launch results in 1 full waves and a partial wave of 639 thread blocks.  
          Under the assumption of a uniform execution duration of all thread blocks, the partial wave may account for   
          up to 50.0% of the total kernel runtime with a lower occupancy of 30.2%. Try launching a grid with no         
          partial wave. The overall impact of this tail effect also lessens with the number of full waves executed for  
          a grid. See the Hardware Model                                                                                
          (https://docs.nvidia.com/nsight-compute/ProfilingGuide/index.html#metrics-hw-model) description for more      
          details on launch configurations.                                                                             

    Section: Occupancy
    ------------------------------- ----------- ------------
    Metric Name                     Metric Unit Metric Value
    ------------------------------- ----------- ------------
    Block Limit SM                        block           32
    Block Limit Registers                 block           32
    Block Limit Shared Mem                block           32
    Block Limit Warps                     block           32
    Theoretical Active Warps per SM        warp           64
    Theoretical Occupancy                     %          100
    Achieved Occupancy                        %        69.80
    Achieved Active Warps Per SM           warp        44.67
    ------------------------------- ----------- ------------

    OPT   Est. Local Speedup: 30.2%                                                                                     
          The difference between calculated theoretical (100.0%) and measured achieved occupancy (69.8%) can be the     
          result of warp scheduling overheads or workload imbalances during the kernel execution. Load imbalances can   
          occur between warps within a block as well as across blocks of the same kernel. See the CUDA Best Practices   
          Guide (https://docs.nvidia.com/cuda/cuda-c-best-practices-guide/index.html#occupancy) for more details on     
          optimizing occupancy.                                                                                         

    Section: GPU and Memory Workload Distribution
    -------------------------- ----------- ------------
    Metric Name                Metric Unit Metric Value
    -------------------------- ----------- ------------
    Average DRAM Active Cycles       cycle   235,952.60
    Total DRAM Elapsed Cycles        cycle   45,409,792
    Average L1 Active Cycles         cycle 1,005,381.52
    Total L1 Elapsed Cycles          cycle  110,451,310
    Average L2 Active Cycles         cycle   963,057.07
    Total L2 Elapsed Cycles          cycle   78,458,960
    Average SM Active Cycles         cycle 1,005,381.52
    Total SM Elapsed Cycles          cycle  110,451,310
    Average SMSP Active Cycles       cycle   999,192.79
    Total SMSP Elapsed Cycles        cycle  441,805,240
    -------------------------- ----------- ------------

Working on config N=128, B=1
ncu --set basic  --metrics smsp__cycles_active.avg.pct_of_peak_sustained_elapsed,dram__throughput.avg.pct_of_peak_sustained_elapsed,gpu__time_duration.avg --replay-mode kernel  --launch-count 1 ./sobel_gpu 128 1
==PROF== Connected to process 2138515 (/pscratch/sd/t/tshiknn/cp5/build/sobel_gpu)
==PROF== Profiling "sobel_kernel_gpu" - 0 (1/1): 0%....50%....100% - 12 passes
 Read data from the file data/zebra-gray-int8-4x 
 GPU configuration: 1 blocks, 128 threads per block 
 Wrote the output file data/processed-gpu-n-1-b-128.dat 
==PROF== Disconnected from process 2138515
[2138515] sobel_gpu@127.0.0.1
  sobel_kernel_gpu(float *, float *, int, int, int, float *, float *) (1, 1, 1)x(128, 1, 1), Context 1, Stream 7, Device 0, CC 8.0
    Section: Command line profiler metrics
    ----------------------------------------------------- ----------- ------------
    Metric Name                                           Metric Unit Metric Value
    ----------------------------------------------------- ----------- ------------
    dram__throughput.avg.pct_of_peak_sustained_elapsed              %         0.05
    gpu__time_duration.avg                                    msecond       389.74
    smsp__cycles_active.avg.pct_of_peak_sustained_elapsed           %         0.93
    ----------------------------------------------------- ----------- ------------

    Section: GPU Speed Of Light Throughput
    ----------------------- ------------- ------------
    Metric Name               Metric Unit Metric Value
    ----------------------- ------------- ------------
    DRAM Frequency          cycle/nsecond         1.21
    SM Frequency            cycle/nsecond         1.09
    Elapsed Cycles                  cycle  426,764,343
    Memory Throughput                   %         0.07
    DRAM Throughput                     %         0.05
    Duration                      msecond       389.74
    L1/TEX Cache Throughput             %         7.63
    L2 Cache Throughput                 %         0.05
    SM Active Cycles                cycle 3,951,502.44
    Compute (SM) Throughput             %         0.13
    ----------------------- ------------- ------------

    OPT   This kernel grid is too small to fill the available resources on this device, resulting in only 0.0 full      
          waves across all SMs. Look at Launch Statistics for more details.                                             

    Section: Launch Statistics
    -------------------------------- --------------- ---------------
    Metric Name                          Metric Unit    Metric Value
    -------------------------------- --------------- ---------------
    Block Size                                                   128
    Function Cache Configuration                     CachePreferNone
    Grid Size                                                      1
    Registers Per Thread             register/thread              32
    Shared Memory Configuration Size           Kbyte           32.77
    Driver Shared Memory Per Block       Kbyte/block            1.02
    Dynamic Shared Memory Per Block       byte/block               0
    Static Shared Memory Per Block        byte/block               0
    # SMs                                         SM             108
    Threads                                   thread             128
    Uses Green Context                                             0
    Waves Per SM                                                0.00
    -------------------------------- --------------- ---------------

    OPT   Est. Speedup: 99.07%                                                                                          
          The grid for this launch is configured to execute only 1 blocks, which is less than the GPU's 108             
          multiprocessors. This can underutilize some multiprocessors. If you do not intend to execute this kernel      
          concurrently with other workloads, consider reducing the block size to have at least one block per            
          multiprocessor or increase the size of the grid to fully utilize the available hardware resources. See the    
          Hardware Model (https://docs.nvidia.com/nsight-compute/ProfilingGuide/index.html#metrics-hw-model)            
          description for more details on launch configurations.                                                        

    Section: Occupancy
    ------------------------------- ----------- ------------
    Metric Name                     Metric Unit Metric Value
    ------------------------------- ----------- ------------
    Block Limit SM                        block           32
    Block Limit Registers                 block           16
    Block Limit Shared Mem                block           32
    Block Limit Warps                     block           16
    Theoretical Active Warps per SM        warp           64
    Theoretical Occupancy                     %          100
    Achieved Occupancy                        %         6.25
    Achieved Active Warps Per SM           warp         4.00
    ------------------------------- ----------- ------------

    OPT   Est. Local Speedup: 93.75%                                                                                    
          The difference between calculated theoretical (100.0%) and measured achieved occupancy (6.2%) can be the      
          result of warp scheduling overheads or workload imbalances during the kernel execution. Load imbalances can   
          occur between warps within a block as well as across blocks of the same kernel. See the CUDA Best Practices   
          Guide (https://docs.nvidia.com/cuda/cuda-c-best-practices-guide/index.html#occupancy) for more details on     
          optimizing occupancy.                                                                                         

    Section: GPU and Memory Workload Distribution
    -------------------------- ----------- ---------------
    Metric Name                Metric Unit    Metric Value
    -------------------------- ----------- ---------------
    Average DRAM Active Cycles       cycle      221,802.40
    Total DRAM Elapsed Cycles        cycle  18,941,321,216
    Average L1 Active Cycles         cycle    3,951,502.44
    Total L1 Elapsed Cycles          cycle  46,081,498,770
    Average L2 Active Cycles         cycle   11,829,521.15
    Total L2 Elapsed Cycles          cycle  32,738,069,040
    Average SM Active Cycles         cycle    3,951,502.44
    Total SM Elapsed Cycles          cycle  46,081,498,770
    Average SMSP Active Cycles       cycle    3,950,910.52
    Total SMSP Elapsed Cycles        cycle 184,325,995,080
    -------------------------- ----------- ---------------

Working on config N=128, B=4
ncu --set basic  --metrics smsp__cycles_active.avg.pct_of_peak_sustained_elapsed,dram__throughput.avg.pct_of_peak_sustained_elapsed,gpu__time_duration.avg --replay-mode kernel  --launch-count 1 ./sobel_gpu 128 4
==PROF== Connected to process 2138586 (/pscratch/sd/t/tshiknn/cp5/build/sobel_gpu)
==PROF== Profiling "sobel_kernel_gpu" - 0 (1/1): 0%....50%....100% - 12 passes
 Read data from the file data/zebra-gray-int8-4x 
 GPU configuration: 4 blocks, 128 threads per block 
 Wrote the output file data/processed-gpu-n-4-b-128.dat 
==PROF== Disconnected from process 2138586
[2138586] sobel_gpu@127.0.0.1
  sobel_kernel_gpu(float *, float *, int, int, int, float *, float *) (4, 1, 1)x(128, 1, 1), Context 1, Stream 7, Device 0, CC 8.0
    Section: Command line profiler metrics
    ----------------------------------------------------- ----------- ------------
    Metric Name                                           Metric Unit Metric Value
    ----------------------------------------------------- ----------- ------------
    dram__throughput.avg.pct_of_peak_sustained_elapsed              %         0.13
    gpu__time_duration.avg                                    msecond       144.65
    smsp__cycles_active.avg.pct_of_peak_sustained_elapsed           %         3.70
    ----------------------------------------------------- ----------- ------------

    Section: GPU Speed Of Light Throughput
    ----------------------- ------------- ------------
    Metric Name               Metric Unit Metric Value
    ----------------------- ------------- ------------
    DRAM Frequency          cycle/nsecond         1.21
    SM Frequency            cycle/nsecond         1.09
    Elapsed Cycles                  cycle  158,389,008
    Memory Throughput                   %         0.22
    DRAM Throughput                     %         0.13
    Duration                      msecond       144.65
    L1/TEX Cache Throughput             %         5.91
    L2 Cache Throughput                 %         0.15
    SM Active Cycles                cycle 5,864,054.45
    Compute (SM) Throughput             %         0.34
    ----------------------- ------------- ------------

    OPT   This kernel grid is too small to fill the available resources on this device, resulting in only 0.0 full      
          waves across all SMs. Look at Launch Statistics for more details.                                             

    Section: Launch Statistics
    -------------------------------- --------------- ---------------
    Metric Name                          Metric Unit    Metric Value
    -------------------------------- --------------- ---------------
    Block Size                                                   128
    Function Cache Configuration                     CachePreferNone
    Grid Size                                                      4
    Registers Per Thread             register/thread              32
    Shared Memory Configuration Size           Kbyte           32.77
    Driver Shared Memory Per Block       Kbyte/block            1.02
    Dynamic Shared Memory Per Block       byte/block               0
    Static Shared Memory Per Block        byte/block               0
    # SMs                                         SM             108
    Threads                                   thread             512
    Uses Green Context                                             0
    Waves Per SM                                                0.00
    -------------------------------- --------------- ---------------

    OPT   Est. Speedup: 96.3%                                                                                           
          The grid for this launch is configured to execute only 4 blocks, which is less than the GPU's 108             
          multiprocessors. This can underutilize some multiprocessors. If you do not intend to execute this kernel      
          concurrently with other workloads, consider reducing the block size to have at least one block per            
          multiprocessor or increase the size of the grid to fully utilize the available hardware resources. See the    
          Hardware Model (https://docs.nvidia.com/nsight-compute/ProfilingGuide/index.html#metrics-hw-model)            
          description for more details on launch configurations.                                                        

    Section: Occupancy
    ------------------------------- ----------- ------------
    Metric Name                     Metric Unit Metric Value
    ------------------------------- ----------- ------------
    Block Limit SM                        block           32
    Block Limit Registers                 block           16
    Block Limit Shared Mem                block           32
    Block Limit Warps                     block           16
    Theoretical Active Warps per SM        warp           64
    Theoretical Occupancy                     %          100
    Achieved Occupancy                        %         6.25
    Achieved Active Warps Per SM           warp         4.00
    ------------------------------- ----------- ------------

    OPT   Est. Local Speedup: 93.75%                                                                                    
          The difference between calculated theoretical (100.0%) and measured achieved occupancy (6.2%) can be the      
          result of warp scheduling overheads or workload imbalances during the kernel execution. Load imbalances can   
          occur between warps within a block as well as across blocks of the same kernel. See the CUDA Best Practices   
          Guide (https://docs.nvidia.com/cuda/cuda-c-best-practices-guide/index.html#occupancy) for more details on     
          optimizing occupancy.                                                                                         

    Section: GPU and Memory Workload Distribution
    -------------------------- ----------- --------------
    Metric Name                Metric Unit   Metric Value
    -------------------------- ----------- --------------
    Average DRAM Active Cycles       cycle     221,754.90
    Total DRAM Elapsed Cycles        cycle  7,029,867,520
    Average L1 Active Cycles         cycle   5,864,054.45
    Total L1 Elapsed Cycles          cycle 17,105,756,428
    Average L2 Active Cycles         cycle  16,798,166.65
    Total L2 Elapsed Cycles          cycle 12,150,376,480
    Average SM Active Cycles         cycle   5,864,054.45
    Total SM Elapsed Cycles          cycle 17,105,756,428
    Average SMSP Active Cycles       cycle   5,862,032.20
    Total SMSP Elapsed Cycles        cycle 68,423,025,712
    -------------------------- ----------- --------------

Working on config N=128, B=16
ncu --set basic  --metrics smsp__cycles_active.avg.pct_of_peak_sustained_elapsed,dram__throughput.avg.pct_of_peak_sustained_elapsed,gpu__time_duration.avg --replay-mode kernel  --launch-count 1 ./sobel_gpu 128 16
==PROF== Connected to process 2138620 (/pscratch/sd/t/tshiknn/cp5/build/sobel_gpu)
==PROF== Profiling "sobel_kernel_gpu" - 0 (1/1): 0%....50%....100% - 12 passes
 Read data from the file data/zebra-gray-int8-4x 
 GPU configuration: 16 blocks, 128 threads per block 
 Wrote the output file data/processed-gpu-n-16-b-128.dat 
==PROF== Disconnected from process 2138620
[2138620] sobel_gpu@127.0.0.1
  sobel_kernel_gpu(float *, float *, int, int, int, float *, float *) (16, 1, 1)x(128, 1, 1), Context 1, Stream 7, Device 0, CC 8.0
    Section: Command line profiler metrics
    ----------------------------------------------------- ----------- ------------
    Metric Name                                           Metric Unit Metric Value
    ----------------------------------------------------- ----------- ------------
    dram__throughput.avg.pct_of_peak_sustained_elapsed              %         0.50
    gpu__time_duration.avg                                    msecond        36.70
    smsp__cycles_active.avg.pct_of_peak_sustained_elapsed           %        14.74
    ----------------------------------------------------- ----------- ------------

    Section: GPU Speed Of Light Throughput
    ----------------------- ------------- ------------
    Metric Name               Metric Unit Metric Value
    ----------------------- ------------- ------------
    DRAM Frequency          cycle/nsecond         1.21
    SM Frequency            cycle/nsecond         1.09
    Elapsed Cycles                  cycle   40,182,302
    Memory Throughput                   %         0.86
    DRAM Throughput                     %         0.50
    Duration                      msecond        36.70
    L1/TEX Cache Throughput             %         5.81
    L2 Cache Throughput                 %         0.57
    SM Active Cycles                cycle 5,948,278.14
    Compute (SM) Throughput             %         1.35
    ----------------------- ------------- ------------

    OPT   This kernel grid is too small to fill the available resources on this device, resulting in only 0.0 full      
          waves across all SMs. Look at Launch Statistics for more details.                                             

    Section: Launch Statistics
    -------------------------------- --------------- ---------------
    Metric Name                          Metric Unit    Metric Value
    -------------------------------- --------------- ---------------
    Block Size                                                   128
    Function Cache Configuration                     CachePreferNone
    Grid Size                                                     16
    Registers Per Thread             register/thread              32
    Shared Memory Configuration Size           Kbyte           32.77
    Driver Shared Memory Per Block       Kbyte/block            1.02
    Dynamic Shared Memory Per Block       byte/block               0
    Static Shared Memory Per Block        byte/block               0
    # SMs                                         SM             108
    Threads                                   thread           2,048
    Uses Green Context                                             0
    Waves Per SM                                                0.01
    -------------------------------- --------------- ---------------

    OPT   Est. Speedup: 85.19%                                                                                          
          The grid for this launch is configured to execute only 16 blocks, which is less than the GPU's 108            
          multiprocessors. This can underutilize some multiprocessors. If you do not intend to execute this kernel      
          concurrently with other workloads, consider reducing the block size to have at least one block per            
          multiprocessor or increase the size of the grid to fully utilize the available hardware resources. See the    
          Hardware Model (https://docs.nvidia.com/nsight-compute/ProfilingGuide/index.html#metrics-hw-model)            
          description for more details on launch configurations.                                                        

    Section: Occupancy
    ------------------------------- ----------- ------------
    Metric Name                     Metric Unit Metric Value
    ------------------------------- ----------- ------------
    Block Limit SM                        block           32
    Block Limit Registers                 block           16
    Block Limit Shared Mem                block           32
    Block Limit Warps                     block           16
    Theoretical Active Warps per SM        warp           64
    Theoretical Occupancy                     %          100
    Achieved Occupancy                        %         6.23
    Achieved Active Warps Per SM           warp         3.99
    ------------------------------- ----------- ------------

    OPT   Est. Local Speedup: 93.77%                                                                                    
          The difference between calculated theoretical (100.0%) and measured achieved occupancy (6.2%) can be the      
          result of warp scheduling overheads or workload imbalances during the kernel execution. Load imbalances can   
          occur between warps within a block as well as across blocks of the same kernel. See the CUDA Best Practices   
          Guide (https://docs.nvidia.com/cuda/cuda-c-best-practices-guide/index.html#occupancy) for more details on     
          optimizing occupancy.                                                                                         

    Section: GPU and Memory Workload Distribution
    -------------------------- ----------- --------------
    Metric Name                Metric Unit   Metric Value
    -------------------------- ----------- --------------
    Average DRAM Active Cycles       cycle     221,028.30
    Total DRAM Elapsed Cycles        cycle  1,783,433,728
    Average L1 Active Cycles         cycle   5,948,278.14
    Total L1 Elapsed Cycles          cycle  4,327,694,306
    Average L2 Active Cycles         cycle  12,447,527.78
    Total L2 Elapsed Cycles          cycle  3,082,471,120
    Average SM Active Cycles         cycle   5,948,278.14
    Total SM Elapsed Cycles          cycle  4,327,694,306
    Average SMSP Active Cycles       cycle   5,905,749.57
    Total SMSP Elapsed Cycles        cycle 17,310,777,224
    -------------------------- ----------- --------------

    OPT   Est. Speedup: 12.65%                                                                                          
          One or more SMs have a much lower number of active cycles than the average number of active cycles. Maximum   
          instance value is 85.20% above the average, while the minimum instance value is 100.00% below the average.    
    ----- --------------------------------------------------------------------------------------------------------------
    OPT   Est. Speedup: 12.56%                                                                                          
          One or more SMSPs have a much lower number of active cycles than the average number of active cycles. Maximum 
          instance value is 85.19% above the average, while the minimum instance value is 100.00% below the average.    
    ----- --------------------------------------------------------------------------------------------------------------
    OPT   Est. Speedup: 12.65%                                                                                          
          One or more L1 Slices have a much lower number of active cycles than the average number of active cycles.     
          Maximum instance value is 85.20% above the average, while the minimum instance value is 100.00% below the     
          average.                                                                                                      

Working on config N=128, B=64
ncu --set basic  --metrics smsp__cycles_active.avg.pct_of_peak_sustained_elapsed,dram__throughput.avg.pct_of_peak_sustained_elapsed,gpu__time_duration.avg --replay-mode kernel  --launch-count 1 ./sobel_gpu 128 64
==PROF== Connected to process 2138654 (/pscratch/sd/t/tshiknn/cp5/build/sobel_gpu)
==PROF== Profiling "sobel_kernel_gpu" - 0 (1/1): 0%....50%....100% - 12 passes
 Read data from the file data/zebra-gray-int8-4x 
 GPU configuration: 64 blocks, 128 threads per block 
 Wrote the output file data/processed-gpu-n-64-b-128.dat 
==PROF== Disconnected from process 2138654
[2138654] sobel_gpu@127.0.0.1
  sobel_kernel_gpu(float *, float *, int, int, int, float *, float *) (64, 1, 1)x(128, 1, 1), Context 1, Stream 7, Device 0, CC 8.0
    Section: Command line profiler metrics
    ----------------------------------------------------- ----------- ------------
    Metric Name                                           Metric Unit Metric Value
    ----------------------------------------------------- ----------- ------------
    dram__throughput.avg.pct_of_peak_sustained_elapsed              %         1.92
    gpu__time_duration.avg                                    msecond         9.50
    smsp__cycles_active.avg.pct_of_peak_sustained_elapsed           %        59.12
    ----------------------------------------------------- ----------- ------------

    Section: GPU Speed Of Light Throughput
    ----------------------- ------------- ------------
    Metric Name               Metric Unit Metric Value
    ----------------------- ------------- ------------
    DRAM Frequency          cycle/nsecond         1.21
    SM Frequency            cycle/nsecond         1.09
    Elapsed Cycles                  cycle   10,405,138
    Memory Throughput                   %         3.20
    DRAM Throughput                     %         1.92
    Duration                      msecond         9.50
    L1/TEX Cache Throughput             %         5.43
    L2 Cache Throughput                 %         2.52
    SM Active Cycles                cycle 6,160,394.75
    Compute (SM) Throughput             %         5.20
    ----------------------- ------------- ------------

    OPT   This kernel grid is too small to fill the available resources on this device, resulting in only 0.0 full      
          waves across all SMs. Look at Launch Statistics for more details.                                             

    Section: Launch Statistics
    -------------------------------- --------------- ---------------
    Metric Name                          Metric Unit    Metric Value
    -------------------------------- --------------- ---------------
    Block Size                                                   128
    Function Cache Configuration                     CachePreferNone
    Grid Size                                                     64
    Registers Per Thread             register/thread              32
    Shared Memory Configuration Size           Kbyte           32.77
    Driver Shared Memory Per Block       Kbyte/block            1.02
    Dynamic Shared Memory Per Block       byte/block               0
    Static Shared Memory Per Block        byte/block               0
    # SMs                                         SM             108
    Threads                                   thread           8,192
    Uses Green Context                                             0
    Waves Per SM                                                0.04
    -------------------------------- --------------- ---------------

    OPT   Est. Speedup: 40.74%                                                                                          
          The grid for this launch is configured to execute only 64 blocks, which is less than the GPU's 108            
          multiprocessors. This can underutilize some multiprocessors. If you do not intend to execute this kernel      
          concurrently with other workloads, consider reducing the block size to have at least one block per            
          multiprocessor or increase the size of the grid to fully utilize the available hardware resources. See the    
          Hardware Model (https://docs.nvidia.com/nsight-compute/ProfilingGuide/index.html#metrics-hw-model)            
          description for more details on launch configurations.                                                        

    Section: Occupancy
    ------------------------------- ----------- ------------
    Metric Name                     Metric Unit Metric Value
    ------------------------------- ----------- ------------
    Block Limit SM                        block           32
    Block Limit Registers                 block           16
    Block Limit Shared Mem                block           32
    Block Limit Warps                     block           16
    Theoretical Active Warps per SM        warp           64
    Theoretical Occupancy                     %          100
    Achieved Occupancy                        %         6.27
    Achieved Active Warps Per SM           warp         4.01
    ------------------------------- ----------- ------------

    OPT   Est. Local Speedup: 93.73%                                                                                    
          The difference between calculated theoretical (100.0%) and measured achieved occupancy (6.3%) can be the      
          result of warp scheduling overheads or workload imbalances during the kernel execution. Load imbalances can   
          occur between warps within a block as well as across blocks of the same kernel. See the CUDA Best Practices   
          Guide (https://docs.nvidia.com/cuda/cuda-c-best-practices-guide/index.html#occupancy) for more details on     
          optimizing occupancy.                                                                                         

    Section: GPU and Memory Workload Distribution
    -------------------------- ----------- -------------
    Metric Name                Metric Unit  Metric Value
    -------------------------- ----------- -------------
    Average DRAM Active Cycles       cycle    221,426.30
    Total DRAM Elapsed Cycles        cycle   461,816,320
    Average L1 Active Cycles         cycle  6,160,394.75
    Total L1 Elapsed Cycles          cycle 1,126,698,534
    Average L2 Active Cycles         cycle  7,212,446.90
    Total L2 Elapsed Cycles          cycle   798,202,320
    Average SM Active Cycles         cycle  6,160,394.75
    Total SM Elapsed Cycles          cycle 1,126,698,534
    Average SMSP Active Cycles       cycle  6,167,247.93
    Total SMSP Elapsed Cycles        cycle 4,506,794,136
    -------------------------- ----------- -------------

    OPT   Est. Speedup: 24.08%                                                                                          
          One or more SMs have a much lower number of active cycles than the average number of active cycles. Maximum   
          instance value is 40.78% above the average, while the minimum instance value is 100.00% below the average.    
    ----- --------------------------------------------------------------------------------------------------------------
    OPT   Est. Speedup: 24.12%                                                                                          
          One or more SMSPs have a much lower number of active cycles than the average number of active cycles. Maximum 
          instance value is 40.80% above the average, while the minimum instance value is 100.00% below the average.    
    ----- --------------------------------------------------------------------------------------------------------------
    OPT   Est. Speedup: 24.08%                                                                                          
          One or more L1 Slices have a much lower number of active cycles than the average number of active cycles.     
          Maximum instance value is 40.78% above the average, while the minimum instance value is 100.00% below the     
          average.                                                                                                      

Working on config N=128, B=256
ncu --set basic  --metrics smsp__cycles_active.avg.pct_of_peak_sustained_elapsed,dram__throughput.avg.pct_of_peak_sustained_elapsed,gpu__time_duration.avg --replay-mode kernel  --launch-count 1 ./sobel_gpu 128 256
==PROF== Connected to process 2138725 (/pscratch/sd/t/tshiknn/cp5/build/sobel_gpu)
==PROF== Profiling "sobel_kernel_gpu" - 0 (1/1): 0%....50%....100% - 12 passes
 Read data from the file data/zebra-gray-int8-4x 
 GPU configuration: 256 blocks, 128 threads per block 
 Wrote the output file data/processed-gpu-n-256-b-128.dat 
==PROF== Disconnected from process 2138725
[2138725] sobel_gpu@127.0.0.1
  sobel_kernel_gpu(float *, float *, int, int, int, float *, float *) (256, 1, 1)x(128, 1, 1), Context 1, Stream 7, Device 0, CC 8.0
    Section: Command line profiler metrics
    ----------------------------------------------------- ----------- ------------
    Metric Name                                           Metric Unit Metric Value
    ----------------------------------------------------- ----------- ------------
    dram__throughput.avg.pct_of_peak_sustained_elapsed              %         6.50
    gpu__time_duration.avg                                    msecond         2.80
    smsp__cycles_active.avg.pct_of_peak_sustained_elapsed           %        96.12
    ----------------------------------------------------- ----------- ------------

    Section: GPU Speed Of Light Throughput
    ----------------------- ------------- ------------
    Metric Name               Metric Unit Metric Value
    ----------------------- ------------- ------------
    DRAM Frequency          cycle/nsecond         1.21
    SM Frequency            cycle/nsecond         1.09
    Elapsed Cycles                  cycle    3,070,259
    Memory Throughput                   %        11.07
    DRAM Throughput                     %         6.50
    Duration                      msecond         2.80
    L1/TEX Cache Throughput             %        11.46
    L2 Cache Throughput                 %         8.27
    SM Active Cycles                cycle 2,960,168.96
    Compute (SM) Throughput             %        17.70
    ----------------------- ------------- ------------

    OPT   This kernel grid is too small to fill the available resources on this device, resulting in only 0.1 full      
          waves across all SMs. Look at Launch Statistics for more details.                                             

    Section: Launch Statistics
    -------------------------------- --------------- ---------------
    Metric Name                          Metric Unit    Metric Value
    -------------------------------- --------------- ---------------
    Block Size                                                   128
    Function Cache Configuration                     CachePreferNone
    Grid Size                                                    256
    Registers Per Thread             register/thread              32
    Shared Memory Configuration Size           Kbyte           32.77
    Driver Shared Memory Per Block       Kbyte/block            1.02
    Dynamic Shared Memory Per Block       byte/block               0
    Static Shared Memory Per Block        byte/block               0
    # SMs                                         SM             108
    Threads                                   thread          32,768
    Uses Green Context                                             0
    Waves Per SM                                                0.15
    -------------------------------- --------------- ---------------

    Section: Occupancy
    ------------------------------- ----------- ------------
    Metric Name                     Metric Unit Metric Value
    ------------------------------- ----------- ------------
    Block Limit SM                        block           32
    Block Limit Registers                 block           16
    Block Limit Shared Mem                block           32
    Block Limit Warps                     block           16
    Theoretical Active Warps per SM        warp           64
    Theoretical Occupancy                     %          100
    Achieved Occupancy                        %        14.73
    Achieved Active Warps Per SM           warp         9.43
    ------------------------------- ----------- ------------

    OPT   Est. Local Speedup: 85.27%                                                                                    
          The difference between calculated theoretical (100.0%) and measured achieved occupancy (14.7%) can be the     
          result of warp scheduling overheads or workload imbalances during the kernel execution. Load imbalances can   
          occur between warps within a block as well as across blocks of the same kernel. See the CUDA Best Practices   
          Guide (https://docs.nvidia.com/cuda/cuda-c-best-practices-guide/index.html#occupancy) for more details on     
          optimizing occupancy.                                                                                         

    Section: GPU and Memory Workload Distribution
    -------------------------- ----------- -------------
    Metric Name                Metric Unit  Metric Value
    -------------------------- ----------- -------------
    Average DRAM Active Cycles       cycle    221,432.70
    Total DRAM Elapsed Cycles        cycle   136,268,800
    Average L1 Active Cycles         cycle  2,960,168.96
    Total L1 Elapsed Cycles          cycle   331,023,386
    Average L2 Active Cycles         cycle  2,826,923.36
    Total L2 Elapsed Cycles          cycle   235,525,200
    Average SM Active Cycles         cycle  2,960,168.96
    Total SM Elapsed Cycles          cycle   331,023,386
    Average SMSP Active Cycles       cycle  2,945,961.41
    Total SMSP Elapsed Cycles        cycle 1,324,093,544
    -------------------------- ----------- -------------

Working on config N=128, B=1024
ncu --set basic  --metrics smsp__cycles_active.avg.pct_of_peak_sustained_elapsed,dram__throughput.avg.pct_of_peak_sustained_elapsed,gpu__time_duration.avg --replay-mode kernel  --launch-count 1 ./sobel_gpu 128 1024
==PROF== Connected to process 2138759 (/pscratch/sd/t/tshiknn/cp5/build/sobel_gpu)
==PROF== Profiling "sobel_kernel_gpu" - 0 (1/1): 0%....50%....100% - 12 passes
 Read data from the file data/zebra-gray-int8-4x 
 GPU configuration: 1024 blocks, 128 threads per block 
 Wrote the output file data/processed-gpu-n-1024-b-128.dat 
==PROF== Disconnected from process 2138759
[2138759] sobel_gpu@127.0.0.1
  sobel_kernel_gpu(float *, float *, int, int, int, float *, float *) (1024, 1, 1)x(128, 1, 1), Context 1, Stream 7, Device 0, CC 8.0
    Section: Command line profiler metrics
    ----------------------------------------------------- ----------- ------------
    Metric Name                                           Metric Unit Metric Value
    ----------------------------------------------------- ----------- ------------
    dram__throughput.avg.pct_of_peak_sustained_elapsed              %        18.64
    gpu__time_duration.avg                                    msecond         1.01
    smsp__cycles_active.avg.pct_of_peak_sustained_elapsed           %        97.37
    ----------------------------------------------------- ----------- ------------

    Section: GPU Speed Of Light Throughput
    ----------------------- ------------- ------------
    Metric Name               Metric Unit Metric Value
    ----------------------- ------------- ------------
    DRAM Frequency          cycle/nsecond         1.21
    SM Frequency            cycle/nsecond         1.09
    Elapsed Cycles                  cycle    1,101,023
    Memory Throughput                   %        31.36
    DRAM Throughput                     %        18.64
    Duration                      msecond         1.01
    L1/TEX Cache Throughput             %        32.03
    L2 Cache Throughput                 %        21.93
    SM Active Cycles                cycle 1,079,988.28
    Compute (SM) Throughput             %        49.21
    ----------------------- ------------- ------------

    OPT   This kernel grid is too small to fill the available resources on this device, resulting in only 0.6 full      
          waves across all SMs. Look at Launch Statistics for more details.                                             

    Section: Launch Statistics
    -------------------------------- --------------- ---------------
    Metric Name                          Metric Unit    Metric Value
    -------------------------------- --------------- ---------------
    Block Size                                                   128
    Function Cache Configuration                     CachePreferNone
    Grid Size                                                  1,024
    Registers Per Thread             register/thread              32
    Shared Memory Configuration Size           Kbyte           32.77
    Driver Shared Memory Per Block       Kbyte/block            1.02
    Dynamic Shared Memory Per Block       byte/block               0
    Static Shared Memory Per Block        byte/block               0
    # SMs                                         SM             108
    Threads                                   thread         131,072
    Uses Green Context                                             0
    Waves Per SM                                                0.59
    -------------------------------- --------------- ---------------

    Section: Occupancy
    ------------------------------- ----------- ------------
    Metric Name                     Metric Unit Metric Value
    ------------------------------- ----------- ------------
    Block Limit SM                        block           32
    Block Limit Registers                 block           16
    Block Limit Shared Mem                block           32
    Block Limit Warps                     block           16
    Theoretical Active Warps per SM        warp           64
    Theoretical Occupancy                     %          100
    Achieved Occupancy                        %        55.45
    Achieved Active Warps Per SM           warp        35.49
    ------------------------------- ----------- ------------

    OPT   Est. Local Speedup: 44.55%                                                                                    
          The difference between calculated theoretical (100.0%) and measured achieved occupancy (55.5%) can be the     
          result of warp scheduling overheads or workload imbalances during the kernel execution. Load imbalances can   
          occur between warps within a block as well as across blocks of the same kernel. See the CUDA Best Practices   
          Guide (https://docs.nvidia.com/cuda/cuda-c-best-practices-guide/index.html#occupancy) for more details on     
          optimizing occupancy.                                                                                         

    Section: GPU and Memory Workload Distribution
    -------------------------- ----------- ------------
    Metric Name                Metric Unit Metric Value
    -------------------------- ----------- ------------
    Average DRAM Active Cycles       cycle      227,731
    Total DRAM Elapsed Cycles        cycle   48,872,448
    Average L1 Active Cycles         cycle 1,079,988.28
    Total L1 Elapsed Cycles          cycle  119,124,426
    Average L2 Active Cycles         cycle 1,033,237.09
    Total L2 Elapsed Cycles          cycle   84,450,080
    Average SM Active Cycles         cycle 1,079,988.28
    Total SM Elapsed Cycles          cycle  119,124,426
    Average SMSP Active Cycles       cycle 1,073,950.84
    Total SMSP Elapsed Cycles        cycle  476,497,704
    -------------------------- ----------- ------------

Working on config N=128, B=4096
ncu --set basic  --metrics smsp__cycles_active.avg.pct_of_peak_sustained_elapsed,dram__throughput.avg.pct_of_peak_sustained_elapsed,gpu__time_duration.avg --replay-mode kernel  --launch-count 1 ./sobel_gpu 128 4096
==PROF== Connected to process 2138793 (/pscratch/sd/t/tshiknn/cp5/build/sobel_gpu)
==PROF== Profiling "sobel_kernel_gpu" - 0 (1/1): 0%....50%....100% - 12 passes
 Read data from the file data/zebra-gray-int8-4x 
 GPU configuration: 4096 blocks, 128 threads per block 
 Wrote the output file data/processed-gpu-n-4096-b-128.dat 
==PROF== Disconnected from process 2138793
[2138793] sobel_gpu@127.0.0.1
  sobel_kernel_gpu(float *, float *, int, int, int, float *, float *) (4096, 1, 1)x(128, 1, 1), Context 1, Stream 7, Device 0, CC 8.0
    Section: Command line profiler metrics
    ----------------------------------------------------- ----------- ------------
    Metric Name                                           Metric Unit Metric Value
    ----------------------------------------------------- ----------- ------------
    dram__throughput.avg.pct_of_peak_sustained_elapsed              %        24.08
    gpu__time_duration.avg                                    usecond       787.14
    smsp__cycles_active.avg.pct_of_peak_sustained_elapsed           %        97.82
    ----------------------------------------------------- ----------- ------------

    Section: GPU Speed Of Light Throughput
    ----------------------- ------------- ------------
    Metric Name               Metric Unit Metric Value
    ----------------------- ------------- ------------
    DRAM Frequency          cycle/nsecond         1.21
    SM Frequency            cycle/nsecond         1.09
    Elapsed Cycles                  cycle      861,659
    Memory Throughput                   %        39.98
    DRAM Throughput                     %        24.08
    Duration                      usecond       787.14
    L1/TEX Cache Throughput             %        40.65
    L2 Cache Throughput                 %        29.36
    SM Active Cycles                cycle   847,151.71
    Compute (SM) Throughput             %        63.08
    ----------------------- ------------- ------------

    OPT   Compute is more heavily utilized than Memory: Look at the Compute Workload Analysis section to see what the   
          compute pipelines are spending their time doing. Also, consider whether any computation is redundant and      
          could be reduced or moved to look-up tables.                                                                  

    Section: Launch Statistics
    -------------------------------- --------------- ---------------
    Metric Name                          Metric Unit    Metric Value
    -------------------------------- --------------- ---------------
    Block Size                                                   128
    Function Cache Configuration                     CachePreferNone
    Grid Size                                                  4,096
    Registers Per Thread             register/thread              32
    Shared Memory Configuration Size           Kbyte           32.77
    Driver Shared Memory Per Block       Kbyte/block            1.02
    Dynamic Shared Memory Per Block       byte/block               0
    Static Shared Memory Per Block        byte/block               0
    # SMs                                         SM             108
    Threads                                   thread         524,288
    Uses Green Context                                             0
    Waves Per SM                                                2.37
    -------------------------------- --------------- ---------------

    Section: Occupancy
    ------------------------------- ----------- ------------
    Metric Name                     Metric Unit Metric Value
    ------------------------------- ----------- ------------
    Block Limit SM                        block           32
    Block Limit Registers                 block           16
    Block Limit Shared Mem                block           32
    Block Limit Warps                     block           16
    Theoretical Active Warps per SM        warp           64
    Theoretical Occupancy                     %          100
    Achieved Occupancy                        %        84.26
    Achieved Active Warps Per SM           warp        53.92
    ------------------------------- ----------- ------------

    OPT   Est. Local Speedup: 15.74%                                                                                    
          The difference between calculated theoretical (100.0%) and measured achieved occupancy (84.3%) can be the     
          result of warp scheduling overheads or workload imbalances during the kernel execution. Load imbalances can   
          occur between warps within a block as well as across blocks of the same kernel. See the CUDA Best Practices   
          Guide (https://docs.nvidia.com/cuda/cuda-c-best-practices-guide/index.html#occupancy) for more details on     
          optimizing occupancy.                                                                                         

    Section: GPU and Memory Workload Distribution
    -------------------------- ----------- ------------
    Metric Name                Metric Unit Metric Value
    -------------------------- ----------- ------------
    Average DRAM Active Cycles       cycle   230,310.30
    Total DRAM Elapsed Cycles        cycle   38,251,520
    Average L1 Active Cycles         cycle   847,151.71
    Total L1 Elapsed Cycles          cycle   93,028,034
    Average L2 Active Cycles         cycle   811,041.49
    Total L2 Elapsed Cycles          cycle   66,089,280
    Average SM Active Cycles         cycle   847,151.71
    Total SM Elapsed Cycles          cycle   93,028,034
    Average SMSP Active Cycles       cycle   842,550.09
    Total SMSP Elapsed Cycles        cycle  372,112,136
    -------------------------- ----------- ------------

Working on config N=256, B=1
ncu --set basic  --metrics smsp__cycles_active.avg.pct_of_peak_sustained_elapsed,dram__throughput.avg.pct_of_peak_sustained_elapsed,gpu__time_duration.avg --replay-mode kernel  --launch-count 1 ./sobel_gpu 256 1
==PROF== Connected to process 2138828 (/pscratch/sd/t/tshiknn/cp5/build/sobel_gpu)
==PROF== Profiling "sobel_kernel_gpu" - 0 (1/1): 0%....50%....100% - 12 passes
 Read data from the file data/zebra-gray-int8-4x 
 GPU configuration: 1 blocks, 256 threads per block 
 Wrote the output file data/processed-gpu-n-1-b-256.dat 
==PROF== Disconnected from process 2138828
[2138828] sobel_gpu@127.0.0.1
  sobel_kernel_gpu(float *, float *, int, int, int, float *, float *) (1, 1, 1)x(256, 1, 1), Context 1, Stream 7, Device 0, CC 8.0
    Section: Command line profiler metrics
    ----------------------------------------------------- ----------- ------------
    Metric Name                                           Metric Unit Metric Value
    ----------------------------------------------------- ----------- ------------
    dram__throughput.avg.pct_of_peak_sustained_elapsed              %         0.09
    gpu__time_duration.avg                                    msecond       197.12
    smsp__cycles_active.avg.pct_of_peak_sustained_elapsed           %         0.93
    ----------------------------------------------------- ----------- ------------

    Section: GPU Speed Of Light Throughput
    ----------------------- ------------- ------------
    Metric Name               Metric Unit Metric Value
    ----------------------- ------------- ------------
    DRAM Frequency          cycle/nsecond         1.21
    SM Frequency            cycle/nsecond         1.09
    Elapsed Cycles                  cycle  215,849,183
    Memory Throughput                   %         0.14
    DRAM Throughput                     %         0.09
    Duration                      msecond       197.12
    L1/TEX Cache Throughput             %        15.05
    L2 Cache Throughput                 %         0.09
    SM Active Cycles                cycle 1,998,584.49
    Compute (SM) Throughput             %         0.25
    ----------------------- ------------- ------------

    OPT   This kernel grid is too small to fill the available resources on this device, resulting in only 0.0 full      
          waves across all SMs. Look at Launch Statistics for more details.                                             

    Section: Launch Statistics
    -------------------------------- --------------- ---------------
    Metric Name                          Metric Unit    Metric Value
    -------------------------------- --------------- ---------------
    Block Size                                                   256
    Function Cache Configuration                     CachePreferNone
    Grid Size                                                      1
    Registers Per Thread             register/thread              32
    Shared Memory Configuration Size           Kbyte           32.77
    Driver Shared Memory Per Block       Kbyte/block            1.02
    Dynamic Shared Memory Per Block       byte/block               0
    Static Shared Memory Per Block        byte/block               0
    # SMs                                         SM             108
    Threads                                   thread             256
    Uses Green Context                                             0
    Waves Per SM                                                0.00
    -------------------------------- --------------- ---------------

    OPT   Est. Speedup: 99.07%                                                                                          
          The grid for this launch is configured to execute only 1 blocks, which is less than the GPU's 108             
          multiprocessors. This can underutilize some multiprocessors. If you do not intend to execute this kernel      
          concurrently with other workloads, consider reducing the block size to have at least one block per            
          multiprocessor or increase the size of the grid to fully utilize the available hardware resources. See the    
          Hardware Model (https://docs.nvidia.com/nsight-compute/ProfilingGuide/index.html#metrics-hw-model)            
          description for more details on launch configurations.                                                        

    Section: Occupancy
    ------------------------------- ----------- ------------
    Metric Name                     Metric Unit Metric Value
    ------------------------------- ----------- ------------
    Block Limit SM                        block           32
    Block Limit Registers                 block            8
    Block Limit Shared Mem                block           32
    Block Limit Warps                     block            8
    Theoretical Active Warps per SM        warp           64
    Theoretical Occupancy                     %          100
    Achieved Occupancy                        %        12.49
    Achieved Active Warps Per SM           warp         8.00
    ------------------------------- ----------- ------------

    OPT   Est. Local Speedup: 87.51%                                                                                    
          The difference between calculated theoretical (100.0%) and measured achieved occupancy (12.5%) can be the     
          result of warp scheduling overheads or workload imbalances during the kernel execution. Load imbalances can   
          occur between warps within a block as well as across blocks of the same kernel. See the CUDA Best Practices   
          Guide (https://docs.nvidia.com/cuda/cuda-c-best-practices-guide/index.html#occupancy) for more details on     
          optimizing occupancy.                                                                                         

    Section: GPU and Memory Workload Distribution
    -------------------------- ----------- --------------
    Metric Name                Metric Unit   Metric Value
    -------------------------- ----------- --------------
    Average DRAM Active Cycles       cycle     220,378.10
    Total DRAM Elapsed Cycles        cycle  9,580,155,904
    Average L1 Active Cycles         cycle   1,998,584.49
    Total L1 Elapsed Cycles          cycle 23,300,562,776
    Average L2 Active Cycles         cycle   8,730,192.09
    Total L2 Elapsed Cycles          cycle 16,558,279,280
    Average SM Active Cycles         cycle   1,998,584.49
    Total SM Elapsed Cycles          cycle 23,300,562,776
    Average SMSP Active Cycles       cycle   1,997,555.37
    Total SMSP Elapsed Cycles        cycle 93,202,251,104
    -------------------------- ----------- --------------

Working on config N=256, B=4
ncu --set basic  --metrics smsp__cycles_active.avg.pct_of_peak_sustained_elapsed,dram__throughput.avg.pct_of_peak_sustained_elapsed,gpu__time_duration.avg --replay-mode kernel  --launch-count 1 ./sobel_gpu 256 4
==PROF== Connected to process 2138896 (/pscratch/sd/t/tshiknn/cp5/build/sobel_gpu)
==PROF== Profiling "sobel_kernel_gpu" - 0 (1/1): 0%....50%....100% - 12 passes
 Read data from the file data/zebra-gray-int8-4x 
 GPU configuration: 4 blocks, 256 threads per block 
 Wrote the output file data/processed-gpu-n-4-b-256.dat 
==PROF== Disconnected from process 2138896
[2138896] sobel_gpu@127.0.0.1
  sobel_kernel_gpu(float *, float *, int, int, int, float *, float *) (4, 1, 1)x(256, 1, 1), Context 1, Stream 7, Device 0, CC 8.0
    Section: Command line profiler metrics
    ----------------------------------------------------- ----------- ------------
    Metric Name                                           Metric Unit Metric Value
    ----------------------------------------------------- ----------- ------------
    dram__throughput.avg.pct_of_peak_sustained_elapsed              %         0.23
    gpu__time_duration.avg                                    msecond        77.83
    smsp__cycles_active.avg.pct_of_peak_sustained_elapsed           %         3.70
    ----------------------------------------------------- ----------- ------------

    Section: GPU Speed Of Light Throughput
    ----------------------- ------------- ------------
    Metric Name               Metric Unit Metric Value
    ----------------------- ------------- ------------
    DRAM Frequency          cycle/nsecond         1.21
    SM Frequency            cycle/nsecond         1.09
    Elapsed Cycles                  cycle   85,223,725
    Memory Throughput                   %         0.41
    DRAM Throughput                     %         0.23
    Duration                      msecond        77.83
    L1/TEX Cache Throughput             %        10.96
    L2 Cache Throughput                 %         0.25
    SM Active Cycles                cycle 3,153,399.34
    Compute (SM) Throughput             %         0.64
    ----------------------- ------------- ------------

    OPT   This kernel grid is too small to fill the available resources on this device, resulting in only 0.0 full      
          waves across all SMs. Look at Launch Statistics for more details.                                             

    Section: Launch Statistics
    -------------------------------- --------------- ---------------
    Metric Name                          Metric Unit    Metric Value
    -------------------------------- --------------- ---------------
    Block Size                                                   256
    Function Cache Configuration                     CachePreferNone
    Grid Size                                                      4
    Registers Per Thread             register/thread              32
    Shared Memory Configuration Size           Kbyte           32.77
    Driver Shared Memory Per Block       Kbyte/block            1.02
    Dynamic Shared Memory Per Block       byte/block               0
    Static Shared Memory Per Block        byte/block               0
    # SMs                                         SM             108
    Threads                                   thread           1,024
    Uses Green Context                                             0
    Waves Per SM                                                0.00
    -------------------------------- --------------- ---------------

    OPT   Est. Speedup: 96.3%                                                                                           
          The grid for this launch is configured to execute only 4 blocks, which is less than the GPU's 108             
          multiprocessors. This can underutilize some multiprocessors. If you do not intend to execute this kernel      
          concurrently with other workloads, consider reducing the block size to have at least one block per            
          multiprocessor or increase the size of the grid to fully utilize the available hardware resources. See the    
          Hardware Model (https://docs.nvidia.com/nsight-compute/ProfilingGuide/index.html#metrics-hw-model)            
          description for more details on launch configurations.                                                        

    Section: Occupancy
    ------------------------------- ----------- ------------
    Metric Name                     Metric Unit Metric Value
    ------------------------------- ----------- ------------
    Block Limit SM                        block           32
    Block Limit Registers                 block            8
    Block Limit Shared Mem                block           32
    Block Limit Warps                     block            8
    Theoretical Active Warps per SM        warp           64
    Theoretical Occupancy                     %          100
    Achieved Occupancy                        %        12.49
    Achieved Active Warps Per SM           warp         8.00
    ------------------------------- ----------- ------------

    OPT   Est. Local Speedup: 87.51%                                                                                    
          The difference between calculated theoretical (100.0%) and measured achieved occupancy (12.5%) can be the     
          result of warp scheduling overheads or workload imbalances during the kernel execution. Load imbalances can   
          occur between warps within a block as well as across blocks of the same kernel. See the CUDA Best Practices   
          Guide (https://docs.nvidia.com/cuda/cuda-c-best-practices-guide/index.html#occupancy) for more details on     
          optimizing occupancy.                                                                                         

    Section: GPU and Memory Workload Distribution
    -------------------------- ----------- --------------
    Metric Name                Metric Unit   Metric Value
    -------------------------- ----------- --------------
    Average DRAM Active Cycles       cycle     220,848.30
    Total DRAM Elapsed Cycles        cycle  3,782,531,072
    Average L1 Active Cycles         cycle   3,153,399.34
    Total L1 Elapsed Cycles          cycle  9,202,543,890
    Average L2 Active Cycles         cycle  15,805,426.97
    Total L2 Elapsed Cycles          cycle  6,537,706,960
    Average SM Active Cycles         cycle   3,153,399.34
    Total SM Elapsed Cycles          cycle  9,202,543,890
    Average SMSP Active Cycles       cycle   3,151,970.98
    Total SMSP Elapsed Cycles        cycle 36,810,175,560
    -------------------------- ----------- --------------

Working on config N=256, B=16
ncu --set basic  --metrics smsp__cycles_active.avg.pct_of_peak_sustained_elapsed,dram__throughput.avg.pct_of_peak_sustained_elapsed,gpu__time_duration.avg --replay-mode kernel  --launch-count 1 ./sobel_gpu 256 16
==PROF== Connected to process 2138930 (/pscratch/sd/t/tshiknn/cp5/build/sobel_gpu)
==PROF== Profiling "sobel_kernel_gpu" - 0 (1/1): 0%....50%....100% - 12 passes
 Read data from the file data/zebra-gray-int8-4x 
 GPU configuration: 16 blocks, 256 threads per block 
 Wrote the output file data/processed-gpu-n-16-b-256.dat 
==PROF== Disconnected from process 2138930
[2138930] sobel_gpu@127.0.0.1
  sobel_kernel_gpu(float *, float *, int, int, int, float *, float *) (16, 1, 1)x(256, 1, 1), Context 1, Stream 7, Device 0, CC 8.0
    Section: Command line profiler metrics
    ----------------------------------------------------- ----------- ------------
    Metric Name                                           Metric Unit Metric Value
    ----------------------------------------------------- ----------- ------------
    dram__throughput.avg.pct_of_peak_sustained_elapsed              %         0.91
    gpu__time_duration.avg                                    msecond        20.11
    smsp__cycles_active.avg.pct_of_peak_sustained_elapsed           %        14.78
    ----------------------------------------------------- ----------- ------------

    Section: GPU Speed Of Light Throughput
    ----------------------- ------------- ------------
    Metric Name               Metric Unit Metric Value
    ----------------------- ------------- ------------
    DRAM Frequency          cycle/nsecond         1.21
    SM Frequency            cycle/nsecond         1.09
    Elapsed Cycles                  cycle   22,020,447
    Memory Throughput                   %         1.54
    DRAM Throughput                     %         0.91
    Duration                      msecond        20.11
    L1/TEX Cache Throughput             %        10.38
    L2 Cache Throughput                 %         1.24
    SM Active Cycles                cycle 3,260,422.62
    Compute (SM) Throughput             %         2.46
    ----------------------- ------------- ------------

    OPT   This kernel grid is too small to fill the available resources on this device, resulting in only 0.0 full      
          waves across all SMs. Look at Launch Statistics for more details.                                             

    Section: Launch Statistics
    -------------------------------- --------------- ---------------
    Metric Name                          Metric Unit    Metric Value
    -------------------------------- --------------- ---------------
    Block Size                                                   256
    Function Cache Configuration                     CachePreferNone
    Grid Size                                                     16
    Registers Per Thread             register/thread              32
    Shared Memory Configuration Size           Kbyte           32.77
    Driver Shared Memory Per Block       Kbyte/block            1.02
    Dynamic Shared Memory Per Block       byte/block               0
    Static Shared Memory Per Block        byte/block               0
    # SMs                                         SM             108
    Threads                                   thread           4,096
    Uses Green Context                                             0
    Waves Per SM                                                0.02
    -------------------------------- --------------- ---------------

    OPT   Est. Speedup: 85.19%                                                                                          
          The grid for this launch is configured to execute only 16 blocks, which is less than the GPU's 108            
          multiprocessors. This can underutilize some multiprocessors. If you do not intend to execute this kernel      
          concurrently with other workloads, consider reducing the block size to have at least one block per            
          multiprocessor or increase the size of the grid to fully utilize the available hardware resources. See the    
          Hardware Model (https://docs.nvidia.com/nsight-compute/ProfilingGuide/index.html#metrics-hw-model)            
          description for more details on launch configurations.                                                        

    Section: Occupancy
    ------------------------------- ----------- ------------
    Metric Name                     Metric Unit Metric Value
    ------------------------------- ----------- ------------
    Block Limit SM                        block           32
    Block Limit Registers                 block            8
    Block Limit Shared Mem                block           32
    Block Limit Warps                     block            8
    Theoretical Active Warps per SM        warp           64
    Theoretical Occupancy                     %          100
    Achieved Occupancy                        %        12.51
    Achieved Active Warps Per SM           warp         8.01
    ------------------------------- ----------- ------------

    OPT   Est. Local Speedup: 87.49%                                                                                    
          The difference between calculated theoretical (100.0%) and measured achieved occupancy (12.5%) can be the     
          result of warp scheduling overheads or workload imbalances during the kernel execution. Load imbalances can   
          occur between warps within a block as well as across blocks of the same kernel. See the CUDA Best Practices   
          Guide (https://docs.nvidia.com/cuda/cuda-c-best-practices-guide/index.html#occupancy) for more details on     
          optimizing occupancy.                                                                                         

    Section: GPU and Memory Workload Distribution
    -------------------------- ----------- -------------
    Metric Name                Metric Unit  Metric Value
    -------------------------- ----------- -------------
    Average DRAM Active Cycles       cycle       221,519
    Total DRAM Elapsed Cycles        cycle   977,346,048
    Average L1 Active Cycles         cycle  3,260,422.62
    Total L1 Elapsed Cycles          cycle 2,380,443,312
    Average L2 Active Cycles         cycle 11,086,026.10
    Total L2 Elapsed Cycles          cycle 1,689,236,800
    Average SM Active Cycles         cycle  3,260,422.62
    Total SM Elapsed Cycles          cycle 2,380,443,312
    Average SMSP Active Cycles       cycle  3,258,297.19
    Total SMSP Elapsed Cycles        cycle 9,521,773,248
    -------------------------- ----------- -------------

    OPT   Est. Speedup: 12.6%                                                                                           
          One or more SMs have a much lower number of active cycles than the average number of active cycles. Maximum   
          instance value is 85.19% above the average, while the minimum instance value is 100.00% below the average.    
    ----- --------------------------------------------------------------------------------------------------------------
    OPT   Est. Speedup: 12.59%                                                                                          
          One or more SMSPs have a much lower number of active cycles than the average number of active cycles. Maximum 
          instance value is 85.19% above the average, while the minimum instance value is 100.00% below the average.    
    ----- --------------------------------------------------------------------------------------------------------------
    OPT   Est. Speedup: 12.6%                                                                                           
          One or more L1 Slices have a much lower number of active cycles than the average number of active cycles.     
          Maximum instance value is 85.19% above the average, while the minimum instance value is 100.00% below the     
          average.                                                                                                      

Working on config N=256, B=64
ncu --set basic  --metrics smsp__cycles_active.avg.pct_of_peak_sustained_elapsed,dram__throughput.avg.pct_of_peak_sustained_elapsed,gpu__time_duration.avg --replay-mode kernel  --launch-count 1 ./sobel_gpu 256 64
==PROF== Connected to process 2138999 (/pscratch/sd/t/tshiknn/cp5/build/sobel_gpu)
==PROF== Profiling "sobel_kernel_gpu" - 0 (1/1): 0%....50%....100% - 12 passes
 Read data from the file data/zebra-gray-int8-4x 
 GPU configuration: 64 blocks, 256 threads per block 
 Wrote the output file data/processed-gpu-n-64-b-256.dat 
==PROF== Disconnected from process 2138999
[2138999] sobel_gpu@127.0.0.1
  sobel_kernel_gpu(float *, float *, int, int, int, float *, float *) (64, 1, 1)x(256, 1, 1), Context 1, Stream 7, Device 0, CC 8.0
    Section: Command line profiler metrics
    ----------------------------------------------------- ----------- ------------
    Metric Name                                           Metric Unit Metric Value
    ----------------------------------------------------- ----------- ------------
    dram__throughput.avg.pct_of_peak_sustained_elapsed              %         3.57
    gpu__time_duration.avg                                    msecond         5.09
    smsp__cycles_active.avg.pct_of_peak_sustained_elapsed           %        58.70
    ----------------------------------------------------- ----------- ------------

    Section: GPU Speed Of Light Throughput
    ----------------------- ------------- ------------
    Metric Name               Metric Unit Metric Value
    ----------------------- ------------- ------------
    DRAM Frequency          cycle/nsecond         1.21
    SM Frequency            cycle/nsecond         1.09
    Elapsed Cycles                  cycle    5,576,060
    Memory Throughput                   %         6.04
    DRAM Throughput                     %         3.57
    Duration                      msecond         5.09
    L1/TEX Cache Throughput             %        10.28
    L2 Cache Throughput                 %         4.21
    SM Active Cycles                cycle 3,287,943.47
    Compute (SM) Throughput             %         9.70
    ----------------------- ------------- ------------

    OPT   This kernel grid is too small to fill the available resources on this device, resulting in only 0.1 full      
          waves across all SMs. Look at Launch Statistics for more details.                                             

    Section: Launch Statistics
    -------------------------------- --------------- ---------------
    Metric Name                          Metric Unit    Metric Value
    -------------------------------- --------------- ---------------
    Block Size                                                   256
    Function Cache Configuration                     CachePreferNone
    Grid Size                                                     64
    Registers Per Thread             register/thread              32
    Shared Memory Configuration Size           Kbyte           32.77
    Driver Shared Memory Per Block       Kbyte/block            1.02
    Dynamic Shared Memory Per Block       byte/block               0
    Static Shared Memory Per Block        byte/block               0
    # SMs                                         SM             108
    Threads                                   thread          16,384
    Uses Green Context                                             0
    Waves Per SM                                                0.07
    -------------------------------- --------------- ---------------

    OPT   Est. Speedup: 40.74%                                                                                          
          The grid for this launch is configured to execute only 64 blocks, which is less than the GPU's 108            
          multiprocessors. This can underutilize some multiprocessors. If you do not intend to execute this kernel      
          concurrently with other workloads, consider reducing the block size to have at least one block per            
          multiprocessor or increase the size of the grid to fully utilize the available hardware resources. See the    
          Hardware Model (https://docs.nvidia.com/nsight-compute/ProfilingGuide/index.html#metrics-hw-model)            
          description for more details on launch configurations.                                                        

    Section: Occupancy
    ------------------------------- ----------- ------------
    Metric Name                     Metric Unit Metric Value
    ------------------------------- ----------- ------------
    Block Limit SM                        block           32
    Block Limit Registers                 block            8
    Block Limit Shared Mem                block           32
    Block Limit Warps                     block            8
    Theoretical Active Warps per SM        warp           64
    Theoretical Occupancy                     %          100
    Achieved Occupancy                        %        12.46
    Achieved Active Warps Per SM           warp         7.97
    ------------------------------- ----------- ------------

    OPT   Est. Local Speedup: 87.54%                                                                                    
          The difference between calculated theoretical (100.0%) and measured achieved occupancy (12.5%) can be the     
          result of warp scheduling overheads or workload imbalances during the kernel execution. Load imbalances can   
          occur between warps within a block as well as across blocks of the same kernel. See the CUDA Best Practices   
          Guide (https://docs.nvidia.com/cuda/cuda-c-best-practices-guide/index.html#occupancy) for more details on     
          optimizing occupancy.                                                                                         

    Section: GPU and Memory Workload Distribution
    -------------------------- ----------- -------------
    Metric Name                Metric Unit  Metric Value
    -------------------------- ----------- -------------
    Average DRAM Active Cycles       cycle    220,982.40
    Total DRAM Elapsed Cycles        cycle   247,485,696
    Average L1 Active Cycles         cycle  3,287,943.47
    Total L1 Elapsed Cycles          cycle   603,920,440
    Average L2 Active Cycles         cycle  4,984,092.89
    Total L2 Elapsed Cycles          cycle   427,749,360
    Average SM Active Cycles         cycle  3,287,943.47
    Total SM Elapsed Cycles          cycle   603,920,440
    Average SMSP Active Cycles       cycle  3,282,172.61
    Total SMSP Elapsed Cycles        cycle 2,415,681,760
    -------------------------- ----------- -------------

    OPT   Est. Speedup: 24.11%                                                                                          
          One or more SMs have a much lower number of active cycles than the average number of active cycles. Maximum   
          instance value is 41.01% above the average, while the minimum instance value is 100.00% below the average.    
    ----- --------------------------------------------------------------------------------------------------------------
    OPT   Est. Speedup: 24.14%                                                                                          
          One or more SMSPs have a much lower number of active cycles than the average number of active cycles. Maximum 
          instance value is 41.13% above the average, while the minimum instance value is 100.00% below the average.    
    ----- --------------------------------------------------------------------------------------------------------------
    OPT   Est. Speedup: 24.11%                                                                                          
          One or more L1 Slices have a much lower number of active cycles than the average number of active cycles.     
          Maximum instance value is 41.01% above the average, while the minimum instance value is 100.00% below the     
          average.                                                                                                      

Working on config N=256, B=256
ncu --set basic  --metrics smsp__cycles_active.avg.pct_of_peak_sustained_elapsed,dram__throughput.avg.pct_of_peak_sustained_elapsed,gpu__time_duration.avg --replay-mode kernel  --launch-count 1 ./sobel_gpu 256 256
==PROF== Connected to process 2139033 (/pscratch/sd/t/tshiknn/cp5/build/sobel_gpu)
==PROF== Profiling "sobel_kernel_gpu" - 0 (1/1): 0%....50%....100% - 12 passes
 Read data from the file data/zebra-gray-int8-4x 
 GPU configuration: 256 blocks, 256 threads per block 
 Wrote the output file data/processed-gpu-n-256-b-256.dat 
==PROF== Disconnected from process 2139033
[2139033] sobel_gpu@127.0.0.1
  sobel_kernel_gpu(float *, float *, int, int, int, float *, float *) (256, 1, 1)x(256, 1, 1), Context 1, Stream 7, Device 0, CC 8.0
    Section: Command line profiler metrics
    ----------------------------------------------------- ----------- ------------
    Metric Name                                           Metric Unit Metric Value
    ----------------------------------------------------- ----------- ------------
    dram__throughput.avg.pct_of_peak_sustained_elapsed              %        11.41
    gpu__time_duration.avg                                    msecond         1.60
    smsp__cycles_active.avg.pct_of_peak_sustained_elapsed           %        96.89
    ----------------------------------------------------- ----------- ------------

    Section: GPU Speed Of Light Throughput
    ----------------------- ------------- ------------
    Metric Name               Metric Unit Metric Value
    ----------------------- ------------- ------------
    DRAM Frequency          cycle/nsecond         1.21
    SM Frequency            cycle/nsecond         1.09
    Elapsed Cycles                  cycle    1,748,353
    Memory Throughput                   %        19.66
    DRAM Throughput                     %        11.41
    Duration                      msecond         1.60
    L1/TEX Cache Throughput             %        20.21
    L2 Cache Throughput                 %        13.38
    SM Active Cycles                cycle 1,692,695.14
    Compute (SM) Throughput             %        31.18
    ----------------------- ------------- ------------

    OPT   This kernel grid is too small to fill the available resources on this device, resulting in only 0.3 full      
          waves across all SMs. Look at Launch Statistics for more details.                                             

    Section: Launch Statistics
    -------------------------------- --------------- ---------------
    Metric Name                          Metric Unit    Metric Value
    -------------------------------- --------------- ---------------
    Block Size                                                   256
    Function Cache Configuration                     CachePreferNone
    Grid Size                                                    256
    Registers Per Thread             register/thread              32
    Shared Memory Configuration Size           Kbyte           32.77
    Driver Shared Memory Per Block       Kbyte/block            1.02
    Dynamic Shared Memory Per Block       byte/block               0
    Static Shared Memory Per Block        byte/block               0
    # SMs                                         SM             108
    Threads                                   thread          65,536
    Uses Green Context                                             0
    Waves Per SM                                                0.30
    -------------------------------- --------------- ---------------

    Section: Occupancy
    ------------------------------- ----------- ------------
    Metric Name                     Metric Unit Metric Value
    ------------------------------- ----------- ------------
    Block Limit SM                        block           32
    Block Limit Registers                 block            8
    Block Limit Shared Mem                block           32
    Block Limit Warps                     block            8
    Theoretical Active Warps per SM        warp           64
    Theoretical Occupancy                     %          100
    Achieved Occupancy                        %        29.15
    Achieved Active Warps Per SM           warp        18.65
    ------------------------------- ----------- ------------

    OPT   Est. Local Speedup: 70.85%                                                                                    
          The difference between calculated theoretical (100.0%) and measured achieved occupancy (29.1%) can be the     
          result of warp scheduling overheads or workload imbalances during the kernel execution. Load imbalances can   
          occur between warps within a block as well as across blocks of the same kernel. See the CUDA Best Practices   
          Guide (https://docs.nvidia.com/cuda/cuda-c-best-practices-guide/index.html#occupancy) for more details on     
          optimizing occupancy.                                                                                         

    Section: GPU and Memory Workload Distribution
    -------------------------- ----------- ------------
    Metric Name                Metric Unit Metric Value
    -------------------------- ----------- ------------
    Average DRAM Active Cycles       cycle   221,339.80
    Total DRAM Elapsed Cycles        cycle   77,602,304
    Average L1 Active Cycles         cycle 1,692,695.14
    Total L1 Elapsed Cycles          cycle  187,976,234
    Average L2 Active Cycles         cycle 1,632,981.62
    Total L2 Elapsed Cycles          cycle  134,112,720
    Average SM Active Cycles         cycle 1,692,695.14
    Total SM Elapsed Cycles          cycle  187,976,234
    Average SMSP Active Cycles       cycle 1,686,363.69
    Total SMSP Elapsed Cycles        cycle  751,904,936
    -------------------------- ----------- ------------

Working on config N=256, B=1024
ncu --set basic  --metrics smsp__cycles_active.avg.pct_of_peak_sustained_elapsed,dram__throughput.avg.pct_of_peak_sustained_elapsed,gpu__time_duration.avg --replay-mode kernel  --launch-count 1 ./sobel_gpu 256 1024
==PROF== Connected to process 2139066 (/pscratch/sd/t/tshiknn/cp5/build/sobel_gpu)
==PROF== Profiling "sobel_kernel_gpu" - 0 (1/1): 0%....50%....100% - 12 passes
 Read data from the file data/zebra-gray-int8-4x 
 GPU configuration: 1024 blocks, 256 threads per block 
 Wrote the output file data/processed-gpu-n-1024-b-256.dat 
==PROF== Disconnected from process 2139066
[2139066] sobel_gpu@127.0.0.1
  sobel_kernel_gpu(float *, float *, int, int, int, float *, float *) (1024, 1, 1)x(256, 1, 1), Context 1, Stream 7, Device 0, CC 8.0
    Section: Command line profiler metrics
    ----------------------------------------------------- ----------- ------------
    Metric Name                                           Metric Unit Metric Value
    ----------------------------------------------------- ----------- ------------
    dram__throughput.avg.pct_of_peak_sustained_elapsed              %        21.29
    gpu__time_duration.avg                                    usecond       955.58
    smsp__cycles_active.avg.pct_of_peak_sustained_elapsed           %        94.15
    ----------------------------------------------------- ----------- ------------

    Section: GPU Speed Of Light Throughput
    ----------------------- ------------- ------------
    Metric Name               Metric Unit Metric Value
    ----------------------- ------------- ------------
    DRAM Frequency          cycle/nsecond         1.21
    SM Frequency            cycle/nsecond         1.09
    Elapsed Cycles                  cycle    1,046,013
    Memory Throughput                   %        32.89
    DRAM Throughput                     %        21.29
    Duration                      usecond       955.58
    L1/TEX Cache Throughput             %        34.81
    L2 Cache Throughput                 %        22.14
    SM Active Cycles                cycle   989,774.77
    Compute (SM) Throughput             %        51.84
    ----------------------- ------------- ------------

    OPT   This kernel exhibits low compute throughput and memory bandwidth utilization relative to the peak performance 
          of this device. Achieved compute throughput and/or memory bandwidth below 60.0% of peak typically indicate    
          latency issues. Look at Scheduler Statistics and Warp State Statistics for potential reasons.                 

    Section: Launch Statistics
    -------------------------------- --------------- ---------------
    Metric Name                          Metric Unit    Metric Value
    -------------------------------- --------------- ---------------
    Block Size                                                   256
    Function Cache Configuration                     CachePreferNone
    Grid Size                                                  1,024
    Registers Per Thread             register/thread              32
    Shared Memory Configuration Size           Kbyte           32.77
    Driver Shared Memory Per Block       Kbyte/block            1.02
    Dynamic Shared Memory Per Block       byte/block               0
    Static Shared Memory Per Block        byte/block               0
    # SMs                                         SM             108
    Threads                                   thread         262,144
    Uses Green Context                                             0
    Waves Per SM                                                1.19
    -------------------------------- --------------- ---------------

    OPT   Est. Speedup: 50%                                                                                             
          A wave of thread blocks is defined as the maximum number of blocks that can be executed in parallel on the    
          target GPU. The number of blocks in a wave depends on the number of multiprocessors and the theoretical       
          occupancy of the kernel. This kernel launch results in 1 full waves and a partial wave of 159 thread blocks.  
          Under the assumption of a uniform execution duration of all thread blocks, the partial wave may account for   
          up to 50.0% of the total kernel runtime with a lower occupancy of 29.3%. Try launching a grid with no         
          partial wave. The overall impact of this tail effect also lessens with the number of full waves executed for  
          a grid. See the Hardware Model                                                                                
          (https://docs.nvidia.com/nsight-compute/ProfilingGuide/index.html#metrics-hw-model) description for more      
          details on launch configurations.                                                                             

    Section: Occupancy
    ------------------------------- ----------- ------------
    Metric Name                     Metric Unit Metric Value
    ------------------------------- ----------- ------------
    Block Limit SM                        block           32
    Block Limit Registers                 block            8
    Block Limit Shared Mem                block           32
    Block Limit Warps                     block            8
    Theoretical Active Warps per SM        warp           64
    Theoretical Occupancy                     %          100
    Achieved Occupancy                        %        70.71
    Achieved Active Warps Per SM           warp        45.25
    ------------------------------- ----------- ------------

    OPT   Est. Local Speedup: 29.29%                                                                                    
          The difference between calculated theoretical (100.0%) and measured achieved occupancy (70.7%) can be the     
          result of warp scheduling overheads or workload imbalances during the kernel execution. Load imbalances can   
          occur between warps within a block as well as across blocks of the same kernel. See the CUDA Best Practices   
          Guide (https://docs.nvidia.com/cuda/cuda-c-best-practices-guide/index.html#occupancy) for more details on     
          optimizing occupancy.                                                                                         

    Section: GPU and Memory Workload Distribution
    -------------------------- ----------- ------------
    Metric Name                Metric Unit Metric Value
    -------------------------- ----------- ------------
    Average DRAM Active Cycles       cycle   247,125.80
    Total DRAM Elapsed Cycles        cycle   46,438,912
    Average L1 Active Cycles         cycle   989,774.77
    Total L1 Elapsed Cycles          cycle  113,135,176
    Average L2 Active Cycles         cycle   968,673.34
    Total L2 Elapsed Cycles          cycle   80,227,680
    Average SM Active Cycles         cycle   989,774.77
    Total SM Elapsed Cycles          cycle  113,135,176
    Average SMSP Active Cycles       cycle   986,226.61
    Total SMSP Elapsed Cycles        cycle  452,540,704
    -------------------------- ----------- ------------

    OPT   Est. Speedup: 5.027%                                                                                          
          One or more SMSPs have a much lower number of active cycles than the average number of active cycles. Maximum 
          instance value is 5.34% above the average, while the minimum instance value is 26.51% below the average.      

Working on config N=256, B=4096
ncu --set basic  --metrics smsp__cycles_active.avg.pct_of_peak_sustained_elapsed,dram__throughput.avg.pct_of_peak_sustained_elapsed,gpu__time_duration.avg --replay-mode kernel  --launch-count 1 ./sobel_gpu 256 4096
==PROF== Connected to process 2139100 (/pscratch/sd/t/tshiknn/cp5/build/sobel_gpu)
==PROF== Profiling "sobel_kernel_gpu" - 0 (1/1): 0%....50%....100% - 12 passes
 Read data from the file data/zebra-gray-int8-4x 
 GPU configuration: 4096 blocks, 256 threads per block 
 Wrote the output file data/processed-gpu-n-4096-b-256.dat 
==PROF== Disconnected from process 2139100
[2139100] sobel_gpu@127.0.0.1
  sobel_kernel_gpu(float *, float *, int, int, int, float *, float *) (4096, 1, 1)x(256, 1, 1), Context 1, Stream 7, Device 0, CC 8.0
    Section: Command line profiler metrics
    ----------------------------------------------------- ----------- ------------
    Metric Name                                           Metric Unit Metric Value
    ----------------------------------------------------- ----------- ------------
    dram__throughput.avg.pct_of_peak_sustained_elapsed              %        25.18
    gpu__time_duration.avg                                    usecond       731.90
    smsp__cycles_active.avg.pct_of_peak_sustained_elapsed           %        98.24
    ----------------------------------------------------- ----------- ------------

    Section: GPU Speed Of Light Throughput
    ----------------------- ------------- ------------
    Metric Name               Metric Unit Metric Value
    ----------------------- ------------- ------------
    DRAM Frequency          cycle/nsecond         1.21
    SM Frequency            cycle/nsecond         1.09
    Elapsed Cycles                  cycle      801,162
    Memory Throughput                   %        42.09
    DRAM Throughput                     %        25.18
    Duration                      usecond       731.90
    L1/TEX Cache Throughput             %        42.71
    L2 Cache Throughput                 %        30.44
    SM Active Cycles                cycle   789,179.89
    Compute (SM) Throughput             %        67.94
    ----------------------- ------------- ------------

    OPT   Compute is more heavily utilized than Memory: Look at the Compute Workload Analysis section to see what the   
          compute pipelines are spending their time doing. Also, consider whether any computation is redundant and      
          could be reduced or moved to look-up tables.                                                                  

    Section: Launch Statistics
    -------------------------------- --------------- ---------------
    Metric Name                          Metric Unit    Metric Value
    -------------------------------- --------------- ---------------
    Block Size                                                   256
    Function Cache Configuration                     CachePreferNone
    Grid Size                                                  4,096
    Registers Per Thread             register/thread              32
    Shared Memory Configuration Size           Kbyte           32.77
    Driver Shared Memory Per Block       Kbyte/block            1.02
    Dynamic Shared Memory Per Block       byte/block               0
    Static Shared Memory Per Block        byte/block               0
    # SMs                                         SM             108
    Threads                                   thread       1,048,576
    Uses Green Context                                             0
    Waves Per SM                                                4.74
    -------------------------------- --------------- ---------------

    Section: Occupancy
    ------------------------------- ----------- ------------
    Metric Name                     Metric Unit Metric Value
    ------------------------------- ----------- ------------
    Block Limit SM                        block           32
    Block Limit Registers                 block            8
    Block Limit Shared Mem                block           32
    Block Limit Warps                     block            8
    Theoretical Active Warps per SM        warp           64
    Theoretical Occupancy                     %          100
    Achieved Occupancy                        %        88.44
    Achieved Active Warps Per SM           warp        56.60
    ------------------------------- ----------- ------------

    OPT   Est. Local Speedup: 11.56%                                                                                    
          The difference between calculated theoretical (100.0%) and measured achieved occupancy (88.4%) can be the     
          result of warp scheduling overheads or workload imbalances during the kernel execution. Load imbalances can   
          occur between warps within a block as well as across blocks of the same kernel. See the CUDA Best Practices   
          Guide (https://docs.nvidia.com/cuda/cuda-c-best-practices-guide/index.html#occupancy) for more details on     
          optimizing occupancy.                                                                                         

    Section: GPU and Memory Workload Distribution
    -------------------------- ----------- ------------
    Metric Name                Metric Unit Metric Value
    -------------------------- ----------- ------------
    Average DRAM Active Cycles       cycle   223,916.50
    Total DRAM Elapsed Cycles        cycle   35,567,104
    Average L1 Active Cycles         cycle   789,179.89
    Total L1 Elapsed Cycles          cycle   86,485,544
    Average L2 Active Cycles         cycle   757,193.79
    Total L2 Elapsed Cycles          cycle   61,447,520
    Average SM Active Cycles         cycle   789,179.89
    Total SM Elapsed Cycles          cycle   86,485,544
    Average SMSP Active Cycles       cycle   786,678.28
    Total SMSP Elapsed Cycles        cycle  345,942,176
    -------------------------- ----------- ------------

Working on config N=512, B=1
ncu --set basic  --metrics smsp__cycles_active.avg.pct_of_peak_sustained_elapsed,dram__throughput.avg.pct_of_peak_sustained_elapsed,gpu__time_duration.avg --replay-mode kernel  --launch-count 1 ./sobel_gpu 512 1
==PROF== Connected to process 2139179 (/pscratch/sd/t/tshiknn/cp5/build/sobel_gpu)
==PROF== Profiling "sobel_kernel_gpu" - 0 (1/1): 0%....50%....100% - 12 passes
 Read data from the file data/zebra-gray-int8-4x 
 GPU configuration: 1 blocks, 512 threads per block 
 Wrote the output file data/processed-gpu-n-1-b-512.dat 
==PROF== Disconnected from process 2139179
[2139179] sobel_gpu@127.0.0.1
  sobel_kernel_gpu(float *, float *, int, int, int, float *, float *) (1, 1, 1)x(512, 1, 1), Context 1, Stream 7, Device 0, CC 8.0
    Section: Command line profiler metrics
    ----------------------------------------------------- ----------- ------------
    Metric Name                                           Metric Unit Metric Value
    ----------------------------------------------------- ----------- ------------
    dram__throughput.avg.pct_of_peak_sustained_elapsed              %         0.16
    gpu__time_duration.avg                                    msecond       110.14
    smsp__cycles_active.avg.pct_of_peak_sustained_elapsed           %         0.93
    ----------------------------------------------------- ----------- ------------

    Section: GPU Speed Of Light Throughput
    ----------------------- ------------- ------------
    Metric Name               Metric Unit Metric Value
    ----------------------- ------------- ------------
    DRAM Frequency          cycle/nsecond         1.21
    SM Frequency            cycle/nsecond         1.09
    Elapsed Cycles                  cycle  120,601,857
    Memory Throughput                   %         0.25
    DRAM Throughput                     %         0.16
    Duration                      msecond       110.14
    L1/TEX Cache Throughput             %        27.08
    L2 Cache Throughput                 %         0.16
    SM Active Cycles                cycle 1,116,663.37
    Compute (SM) Throughput             %         0.45
    ----------------------- ------------- ------------

    OPT   This kernel grid is too small to fill the available resources on this device, resulting in only 0.0 full      
          waves across all SMs. Look at Launch Statistics for more details.                                             

    Section: Launch Statistics
    -------------------------------- --------------- ---------------
    Metric Name                          Metric Unit    Metric Value
    -------------------------------- --------------- ---------------
    Block Size                                                   512
    Function Cache Configuration                     CachePreferNone
    Grid Size                                                      1
    Registers Per Thread             register/thread              32
    Shared Memory Configuration Size           Kbyte           16.38
    Driver Shared Memory Per Block       Kbyte/block            1.02
    Dynamic Shared Memory Per Block       byte/block               0
    Static Shared Memory Per Block        byte/block               0
    # SMs                                         SM             108
    Threads                                   thread             512
    Uses Green Context                                             0
    Waves Per SM                                                0.00
    -------------------------------- --------------- ---------------

    OPT   Est. Speedup: 99.07%                                                                                          
          The grid for this launch is configured to execute only 1 blocks, which is less than the GPU's 108             
          multiprocessors. This can underutilize some multiprocessors. If you do not intend to execute this kernel      
          concurrently with other workloads, consider reducing the block size to have at least one block per            
          multiprocessor or increase the size of the grid to fully utilize the available hardware resources. See the    
          Hardware Model (https://docs.nvidia.com/nsight-compute/ProfilingGuide/index.html#metrics-hw-model)            
          description for more details on launch configurations.                                                        

    Section: Occupancy
    ------------------------------- ----------- ------------
    Metric Name                     Metric Unit Metric Value
    ------------------------------- ----------- ------------
    Block Limit SM                        block           32
    Block Limit Registers                 block            4
    Block Limit Shared Mem                block           16
    Block Limit Warps                     block            4
    Theoretical Active Warps per SM        warp           64
    Theoretical Occupancy                     %          100
    Achieved Occupancy                        %        24.97
    Achieved Active Warps Per SM           warp        15.98
    ------------------------------- ----------- ------------

    OPT   Est. Local Speedup: 75.03%                                                                                    
          The difference between calculated theoretical (100.0%) and measured achieved occupancy (25.0%) can be the     
          result of warp scheduling overheads or workload imbalances during the kernel execution. Load imbalances can   
          occur between warps within a block as well as across blocks of the same kernel. See the CUDA Best Practices   
          Guide (https://docs.nvidia.com/cuda/cuda-c-best-practices-guide/index.html#occupancy) for more details on     
          optimizing occupancy.                                                                                         

    Section: GPU and Memory Workload Distribution
    -------------------------- ----------- --------------
    Metric Name                Metric Unit   Metric Value
    -------------------------- ----------- --------------
    Average DRAM Active Cycles       cycle     219,760.40
    Total DRAM Elapsed Cycles        cycle  5,352,739,840
    Average L1 Active Cycles         cycle   1,116,663.37
    Total L1 Elapsed Cycles          cycle 13,010,927,584
    Average L2 Active Cycles         cycle   7,843,786.35
    Total L2 Elapsed Cycles          cycle  9,251,642,880
    Average SM Active Cycles         cycle   1,116,663.37
    Total SM Elapsed Cycles          cycle 13,010,927,584
    Average SMSP Active Cycles       cycle   1,115,776.58
    Total SMSP Elapsed Cycles        cycle 52,043,710,336
    -------------------------- ----------- --------------

Working on config N=512, B=4
ncu --set basic  --metrics smsp__cycles_active.avg.pct_of_peak_sustained_elapsed,dram__throughput.avg.pct_of_peak_sustained_elapsed,gpu__time_duration.avg --replay-mode kernel  --launch-count 1 ./sobel_gpu 512 4
==PROF== Connected to process 2139213 (/pscratch/sd/t/tshiknn/cp5/build/sobel_gpu)
==PROF== Profiling "sobel_kernel_gpu" - 0 (1/1): 0%....50%....100% - 12 passes
 Read data from the file data/zebra-gray-int8-4x 
 GPU configuration: 4 blocks, 512 threads per block 
 Wrote the output file data/processed-gpu-n-4-b-512.dat 
==PROF== Disconnected from process 2139213
[2139213] sobel_gpu@127.0.0.1
  sobel_kernel_gpu(float *, float *, int, int, int, float *, float *) (4, 1, 1)x(512, 1, 1), Context 1, Stream 7, Device 0, CC 8.0
    Section: Command line profiler metrics
    ----------------------------------------------------- ----------- ------------
    Metric Name                                           Metric Unit Metric Value
    ----------------------------------------------------- ----------- ------------
    dram__throughput.avg.pct_of_peak_sustained_elapsed              %         0.40
    gpu__time_duration.avg                                    msecond        45.75
    smsp__cycles_active.avg.pct_of_peak_sustained_elapsed           %         3.70
    ----------------------------------------------------- ----------- ------------

    Section: GPU Speed Of Light Throughput
    ----------------------- ------------- ------------
    Metric Name               Metric Unit Metric Value
    ----------------------- ------------- ------------
    DRAM Frequency          cycle/nsecond         1.21
    SM Frequency            cycle/nsecond         1.09
    Elapsed Cycles                  cycle   50,098,381
    Memory Throughput                   %         0.68
    DRAM Throughput                     %         0.40
    Duration                      msecond        45.75
    L1/TEX Cache Throughput             %        18.24
    L2 Cache Throughput                 %         0.50
    SM Active Cycles                cycle 1,853,954.55
    Compute (SM) Throughput             %         1.09
    ----------------------- ------------- ------------

    OPT   This kernel grid is too small to fill the available resources on this device, resulting in only 0.0 full      
          waves across all SMs. Look at Launch Statistics for more details.                                             

    Section: Launch Statistics
    -------------------------------- --------------- ---------------
    Metric Name                          Metric Unit    Metric Value
    -------------------------------- --------------- ---------------
    Block Size                                                   512
    Function Cache Configuration                     CachePreferNone
    Grid Size                                                      4
    Registers Per Thread             register/thread              32
    Shared Memory Configuration Size           Kbyte           16.38
    Driver Shared Memory Per Block       Kbyte/block            1.02
    Dynamic Shared Memory Per Block       byte/block               0
    Static Shared Memory Per Block        byte/block               0
    # SMs                                         SM             108
    Threads                                   thread           2,048
    Uses Green Context                                             0
    Waves Per SM                                                0.01
    -------------------------------- --------------- ---------------

    OPT   Est. Speedup: 96.3%                                                                                           
          The grid for this launch is configured to execute only 4 blocks, which is less than the GPU's 108             
          multiprocessors. This can underutilize some multiprocessors. If you do not intend to execute this kernel      
          concurrently with other workloads, consider reducing the block size to have at least one block per            
          multiprocessor or increase the size of the grid to fully utilize the available hardware resources. See the    
          Hardware Model (https://docs.nvidia.com/nsight-compute/ProfilingGuide/index.html#metrics-hw-model)            
          description for more details on launch configurations.                                                        

    Section: Occupancy
    ------------------------------- ----------- ------------
    Metric Name                     Metric Unit Metric Value
    ------------------------------- ----------- ------------
    Block Limit SM                        block           32
    Block Limit Registers                 block            4
    Block Limit Shared Mem                block           16
    Block Limit Warps                     block            4
    Theoretical Active Warps per SM        warp           64
    Theoretical Occupancy                     %          100
    Achieved Occupancy                        %        24.93
    Achieved Active Warps Per SM           warp        15.96
    ------------------------------- ----------- ------------

    OPT   Est. Local Speedup: 75.07%                                                                                    
          The difference between calculated theoretical (100.0%) and measured achieved occupancy (24.9%) can be the     
          result of warp scheduling overheads or workload imbalances during the kernel execution. Load imbalances can   
          occur between warps within a block as well as across blocks of the same kernel. See the CUDA Best Practices   
          Guide (https://docs.nvidia.com/cuda/cuda-c-best-practices-guide/index.html#occupancy) for more details on     
          optimizing occupancy.                                                                                         

    Section: GPU and Memory Workload Distribution
    -------------------------- ----------- --------------
    Metric Name                Metric Unit   Metric Value
    -------------------------- ----------- --------------
    Average DRAM Active Cycles       cycle     221,253.70
    Total DRAM Elapsed Cycles        cycle  2,223,544,832
    Average L1 Active Cycles         cycle   1,853,954.55
    Total L1 Elapsed Cycles          cycle  5,400,212,606
    Average L2 Active Cycles         cycle  15,005,905.90
    Total L2 Elapsed Cycles          cycle  3,843,161,040
    Average SM Active Cycles         cycle   1,853,954.55
    Total SM Elapsed Cycles          cycle  5,400,212,606
    Average SMSP Active Cycles       cycle   1,852,467.59
    Total SMSP Elapsed Cycles        cycle 21,600,850,424
    -------------------------- ----------- --------------

Working on config N=512, B=16
ncu --set basic  --metrics smsp__cycles_active.avg.pct_of_peak_sustained_elapsed,dram__throughput.avg.pct_of_peak_sustained_elapsed,gpu__time_duration.avg --replay-mode kernel  --launch-count 1 ./sobel_gpu 512 16
==PROF== Connected to process 2139247 (/pscratch/sd/t/tshiknn/cp5/build/sobel_gpu)
==PROF== Profiling "sobel_kernel_gpu" - 0 (1/1): 0%....50%....100% - 12 passes
 Read data from the file data/zebra-gray-int8-4x 
 GPU configuration: 16 blocks, 512 threads per block 
 Wrote the output file data/processed-gpu-n-16-b-512.dat 
==PROF== Disconnected from process 2139247
[2139247] sobel_gpu@127.0.0.1
  sobel_kernel_gpu(float *, float *, int, int, int, float *, float *) (16, 1, 1)x(512, 1, 1), Context 1, Stream 7, Device 0, CC 8.0
    Section: Command line profiler metrics
    ----------------------------------------------------- ----------- ------------
    Metric Name                                           Metric Unit Metric Value
    ----------------------------------------------------- ----------- ------------
    dram__throughput.avg.pct_of_peak_sustained_elapsed              %         1.58
    gpu__time_duration.avg                                    msecond        11.53
    smsp__cycles_active.avg.pct_of_peak_sustained_elapsed           %        14.79
    ----------------------------------------------------- ----------- ------------

    Section: GPU Speed Of Light Throughput
    ----------------------- ------------- ------------
    Metric Name               Metric Unit Metric Value
    ----------------------- ------------- ------------
    DRAM Frequency          cycle/nsecond         1.21
    SM Frequency            cycle/nsecond         1.09
    Elapsed Cycles                  cycle   12,624,454
    Memory Throughput                   %         2.68
    DRAM Throughput                     %         1.58
    Duration                      msecond        11.53
    L1/TEX Cache Throughput             %        18.11
    L2 Cache Throughput                 %         2.14
    SM Active Cycles                cycle 1,868,028.43
    Compute (SM) Throughput             %         4.30
    ----------------------- ------------- ------------

    OPT   This kernel grid is too small to fill the available resources on this device, resulting in only 0.0 full      
          waves across all SMs. Look at Launch Statistics for more details.                                             

    Section: Launch Statistics
    -------------------------------- --------------- ---------------
    Metric Name                          Metric Unit    Metric Value
    -------------------------------- --------------- ---------------
    Block Size                                                   512
    Function Cache Configuration                     CachePreferNone
    Grid Size                                                     16
    Registers Per Thread             register/thread              32
    Shared Memory Configuration Size           Kbyte           16.38
    Driver Shared Memory Per Block       Kbyte/block            1.02
    Dynamic Shared Memory Per Block       byte/block               0
    Static Shared Memory Per Block        byte/block               0
    # SMs                                         SM             108
    Threads                                   thread           8,192
    Uses Green Context                                             0
    Waves Per SM                                                0.04
    -------------------------------- --------------- ---------------

    OPT   Est. Speedup: 85.19%                                                                                          
          The grid for this launch is configured to execute only 16 blocks, which is less than the GPU's 108            
          multiprocessors. This can underutilize some multiprocessors. If you do not intend to execute this kernel      
          concurrently with other workloads, consider reducing the block size to have at least one block per            
          multiprocessor or increase the size of the grid to fully utilize the available hardware resources. See the    
          Hardware Model (https://docs.nvidia.com/nsight-compute/ProfilingGuide/index.html#metrics-hw-model)            
          description for more details on launch configurations.                                                        

    Section: Occupancy
    ------------------------------- ----------- ------------
    Metric Name                     Metric Unit Metric Value
    ------------------------------- ----------- ------------
    Block Limit SM                        block           32
    Block Limit Registers                 block            4
    Block Limit Shared Mem                block           16
    Block Limit Warps                     block            4
    Theoretical Active Warps per SM        warp           64
    Theoretical Occupancy                     %          100
    Achieved Occupancy                        %        24.97
    Achieved Active Warps Per SM           warp        15.98
    ------------------------------- ----------- ------------

    OPT   Est. Local Speedup: 75.03%                                                                                    
          The difference between calculated theoretical (100.0%) and measured achieved occupancy (25.0%) can be the     
          result of warp scheduling overheads or workload imbalances during the kernel execution. Load imbalances can   
          occur between warps within a block as well as across blocks of the same kernel. See the CUDA Best Practices   
          Guide (https://docs.nvidia.com/cuda/cuda-c-best-practices-guide/index.html#occupancy) for more details on     
          optimizing occupancy.                                                                                         

    Section: GPU and Memory Workload Distribution
    -------------------------- ----------- -------------
    Metric Name                Metric Unit  Metric Value
    -------------------------- ----------- -------------
    Average DRAM Active Cycles       cycle    221,557.80
    Total DRAM Elapsed Cycles        cycle   560,317,440
    Average L1 Active Cycles         cycle  1,868,028.43
    Total L1 Elapsed Cycles          cycle 1,362,640,928
    Average L2 Active Cycles         cycle     9,248,456
    Total L2 Elapsed Cycles          cycle   968,449,360
    Average SM Active Cycles         cycle  1,868,028.43
    Total SM Elapsed Cycles          cycle 1,362,640,928
    Average SMSP Active Cycles       cycle  1,866,320.41
    Total SMSP Elapsed Cycles        cycle 5,450,563,712
    -------------------------- ----------- -------------

    OPT   Est. Speedup: 12.61%                                                                                          
          One or more SMs have a much lower number of active cycles than the average number of active cycles. Maximum   
          instance value is 85.20% above the average, while the minimum instance value is 100.00% below the average.    
    ----- --------------------------------------------------------------------------------------------------------------
    OPT   Est. Speedup: 12.6%                                                                                           
          One or more SMSPs have a much lower number of active cycles than the average number of active cycles. Maximum 
          instance value is 85.21% above the average, while the minimum instance value is 100.00% below the average.    
    ----- --------------------------------------------------------------------------------------------------------------
    OPT   Est. Speedup: 12.61%                                                                                          
          One or more L1 Slices have a much lower number of active cycles than the average number of active cycles.     
          Maximum instance value is 85.20% above the average, while the minimum instance value is 100.00% below the     
          average.                                                                                                      

Working on config N=512, B=64
ncu --set basic  --metrics smsp__cycles_active.avg.pct_of_peak_sustained_elapsed,dram__throughput.avg.pct_of_peak_sustained_elapsed,gpu__time_duration.avg --replay-mode kernel  --launch-count 1 ./sobel_gpu 512 64
==PROF== Connected to process 2139317 (/pscratch/sd/t/tshiknn/cp5/build/sobel_gpu)
==PROF== Profiling "sobel_kernel_gpu" - 0 (1/1): 0%....50%....100% - 12 passes
 Read data from the file data/zebra-gray-int8-4x 
 GPU configuration: 64 blocks, 512 threads per block 
 Wrote the output file data/processed-gpu-n-64-b-512.dat 
==PROF== Disconnected from process 2139317
[2139317] sobel_gpu@127.0.0.1
  sobel_kernel_gpu(float *, float *, int, int, int, float *, float *) (64, 1, 1)x(512, 1, 1), Context 1, Stream 7, Device 0, CC 8.0
    Section: Command line profiler metrics
    ----------------------------------------------------- ----------- ------------
    Metric Name                                           Metric Unit Metric Value
    ----------------------------------------------------- ----------- ------------
    dram__throughput.avg.pct_of_peak_sustained_elapsed              %         6.35
    gpu__time_duration.avg                                    msecond         2.86
    smsp__cycles_active.avg.pct_of_peak_sustained_elapsed           %        58.67
    ----------------------------------------------------- ----------- ------------

    Section: GPU Speed Of Light Throughput
    ----------------------- ------------- ------------
    Metric Name               Metric Unit Metric Value
    ----------------------- ------------- ------------
    DRAM Frequency          cycle/nsecond         1.21
    SM Frequency            cycle/nsecond         1.09
    Elapsed Cycles                  cycle    3,132,960
    Memory Throughput                   %        10.85
    DRAM Throughput                     %         6.35
    Duration                      msecond         2.86
    L1/TEX Cache Throughput             %        18.44
    L2 Cache Throughput                 %         6.96
    SM Active Cycles                cycle 1,842,123.65
    Compute (SM) Throughput             %        17.34
    ----------------------- ------------- ------------

    OPT   This kernel grid is too small to fill the available resources on this device, resulting in only 0.1 full      
          waves across all SMs. Look at Launch Statistics for more details.                                             

    Section: Launch Statistics
    -------------------------------- --------------- ---------------
    Metric Name                          Metric Unit    Metric Value
    -------------------------------- --------------- ---------------
    Block Size                                                   512
    Function Cache Configuration                     CachePreferNone
    Grid Size                                                     64
    Registers Per Thread             register/thread              32
    Shared Memory Configuration Size           Kbyte           16.38
    Driver Shared Memory Per Block       Kbyte/block            1.02
    Dynamic Shared Memory Per Block       byte/block               0
    Static Shared Memory Per Block        byte/block               0
    # SMs                                         SM             108
    Threads                                   thread          32,768
    Uses Green Context                                             0
    Waves Per SM                                                0.15
    -------------------------------- --------------- ---------------

    OPT   Est. Speedup: 40.74%                                                                                          
          The grid for this launch is configured to execute only 64 blocks, which is less than the GPU's 108            
          multiprocessors. This can underutilize some multiprocessors. If you do not intend to execute this kernel      
          concurrently with other workloads, consider reducing the block size to have at least one block per            
          multiprocessor or increase the size of the grid to fully utilize the available hardware resources. See the    
          Hardware Model (https://docs.nvidia.com/nsight-compute/ProfilingGuide/index.html#metrics-hw-model)            
          description for more details on launch configurations.                                                        

    Section: Occupancy
    ------------------------------- ----------- ------------
    Metric Name                     Metric Unit Metric Value
    ------------------------------- ----------- ------------
    Block Limit SM                        block           32
    Block Limit Registers                 block            4
    Block Limit Shared Mem                block           16
    Block Limit Warps                     block            4
    Theoretical Active Warps per SM        warp           64
    Theoretical Occupancy                     %          100
    Achieved Occupancy                        %        24.83
    Achieved Active Warps Per SM           warp        15.89
    ------------------------------- ----------- ------------

    OPT   Est. Local Speedup: 75.17%                                                                                    
          The difference between calculated theoretical (100.0%) and measured achieved occupancy (24.8%) can be the     
          result of warp scheduling overheads or workload imbalances during the kernel execution. Load imbalances can   
          occur between warps within a block as well as across blocks of the same kernel. See the CUDA Best Practices   
          Guide (https://docs.nvidia.com/cuda/cuda-c-best-practices-guide/index.html#occupancy) for more details on     
          optimizing occupancy.                                                                                         

    Section: GPU and Memory Workload Distribution
    -------------------------- ----------- -------------
    Metric Name                Metric Unit  Metric Value
    -------------------------- ----------- -------------
    Average DRAM Active Cycles       cycle    220,820.80
    Total DRAM Elapsed Cycles        cycle   139,052,032
    Average L1 Active Cycles         cycle  1,842,123.65
    Total L1 Elapsed Cycles          cycle   338,065,606
    Average L2 Active Cycles         cycle  2,938,537.46
    Total L2 Elapsed Cycles          cycle   240,335,440
    Average SM Active Cycles         cycle  1,842,123.65
    Total SM Elapsed Cycles          cycle   338,065,606
    Average SMSP Active Cycles       cycle  1,836,458.67
    Total SMSP Elapsed Cycles        cycle 1,352,262,424
    -------------------------- ----------- -------------

    OPT   Est. Speedup: 24.22%                                                                                          
          One or more SMs have a much lower number of active cycles than the average number of active cycles. Maximum   
          instance value is 41.16% above the average, while the minimum instance value is 100.00% below the average.    
    ----- --------------------------------------------------------------------------------------------------------------
    OPT   Est. Speedup: 24.34%                                                                                          
          One or more SMSPs have a much lower number of active cycles than the average number of active cycles. Maximum 
          instance value is 41.50% above the average, while the minimum instance value is 100.00% below the average.    
    ----- --------------------------------------------------------------------------------------------------------------
    OPT   Est. Speedup: 24.22%                                                                                          
          One or more L1 Slices have a much lower number of active cycles than the average number of active cycles.     
          Maximum instance value is 41.16% above the average, while the minimum instance value is 100.00% below the     
          average.                                                                                                      

Working on config N=512, B=256
ncu --set basic  --metrics smsp__cycles_active.avg.pct_of_peak_sustained_elapsed,dram__throughput.avg.pct_of_peak_sustained_elapsed,gpu__time_duration.avg --replay-mode kernel  --launch-count 1 ./sobel_gpu 512 256
==PROF== Connected to process 2139351 (/pscratch/sd/t/tshiknn/cp5/build/sobel_gpu)
==PROF== Profiling "sobel_kernel_gpu" - 0 (1/1): 0%....50%....100% - 12 passes
 Read data from the file data/zebra-gray-int8-4x 
 GPU configuration: 256 blocks, 512 threads per block 
 Wrote the output file data/processed-gpu-n-256-b-512.dat 
==PROF== Disconnected from process 2139351
[2139351] sobel_gpu@127.0.0.1
  sobel_kernel_gpu(float *, float *, int, int, int, float *, float *) (256, 1, 1)x(512, 1, 1), Context 1, Stream 7, Device 0, CC 8.0
    Section: Command line profiler metrics
    ----------------------------------------------------- ----------- ------------
    Metric Name                                           Metric Unit Metric Value
    ----------------------------------------------------- ----------- ------------
    dram__throughput.avg.pct_of_peak_sustained_elapsed              %        18.20
    gpu__time_duration.avg                                    msecond         1.07
    smsp__cycles_active.avg.pct_of_peak_sustained_elapsed           %        91.26
    ----------------------------------------------------- ----------- ------------

    Section: GPU Speed Of Light Throughput
    ----------------------- ------------- ------------
    Metric Name               Metric Unit Metric Value
    ----------------------- ------------- ------------
    DRAM Frequency          cycle/nsecond         1.21
    SM Frequency            cycle/nsecond         1.09
    Elapsed Cycles                  cycle    1,166,393
    Memory Throughput                   %        29.30
    DRAM Throughput                     %        18.20
    Duration                      msecond         1.07
    L1/TEX Cache Throughput             %        31.96
    L2 Cache Throughput                 %        18.63
    SM Active Cycles                cycle 1,070,509.65
    Compute (SM) Throughput             %        46.48
    ----------------------- ------------- ------------

    OPT   This kernel grid is too small to fill the available resources on this device, resulting in only 0.6 full      
          waves across all SMs. Look at Launch Statistics for more details.                                             

    Section: Launch Statistics
    -------------------------------- --------------- ---------------
    Metric Name                          Metric Unit    Metric Value
    -------------------------------- --------------- ---------------
    Block Size                                                   512
    Function Cache Configuration                     CachePreferNone
    Grid Size                                                    256
    Registers Per Thread             register/thread              32
    Shared Memory Configuration Size           Kbyte           16.38
    Driver Shared Memory Per Block       Kbyte/block            1.02
    Dynamic Shared Memory Per Block       byte/block               0
    Static Shared Memory Per Block        byte/block               0
    # SMs                                         SM             108
    Threads                                   thread         131,072
    Uses Green Context                                             0
    Waves Per SM                                                0.59
    -------------------------------- --------------- ---------------

    Section: Occupancy
    ------------------------------- ----------- ------------
    Metric Name                     Metric Unit Metric Value
    ------------------------------- ----------- ------------
    Block Limit SM                        block           32
    Block Limit Registers                 block            4
    Block Limit Shared Mem                block           16
    Block Limit Warps                     block            4
    Theoretical Active Warps per SM        warp           64
    Theoretical Occupancy                     %          100
    Achieved Occupancy                        %        56.06
    Achieved Active Warps Per SM           warp        35.88
    ------------------------------- ----------- ------------

    OPT   Est. Local Speedup: 43.94%                                                                                    
          The difference between calculated theoretical (100.0%) and measured achieved occupancy (56.1%) can be the     
          result of warp scheduling overheads or workload imbalances during the kernel execution. Load imbalances can   
          occur between warps within a block as well as across blocks of the same kernel. See the CUDA Best Practices   
          Guide (https://docs.nvidia.com/cuda/cuda-c-best-practices-guide/index.html#occupancy) for more details on     
          optimizing occupancy.                                                                                         

    Section: GPU and Memory Workload Distribution
    -------------------------- ----------- ------------
    Metric Name                Metric Unit Metric Value
    -------------------------- ----------- ------------
    Average DRAM Active Cycles       cycle   235,625.80
    Total DRAM Elapsed Cycles        cycle   51,777,024
    Average L1 Active Cycles         cycle 1,070,509.65
    Total L1 Elapsed Cycles          cycle  126,120,404
    Average L2 Active Cycles         cycle 1,090,873.50
    Total L2 Elapsed Cycles          cycle   89,463,600
    Average SM Active Cycles         cycle 1,070,509.65
    Total SM Elapsed Cycles          cycle  126,120,404
    Average SMSP Active Cycles       cycle 1,065,741.94
    Total SMSP Elapsed Cycles        cycle  504,481,616
    -------------------------- ----------- ------------

    OPT   Est. Speedup: 7.365%                                                                                          
          One or more SMs have a much higher number of active cycles than the average number of active cycles.          
          Additionally, other SMs have a much lower number of active cycles than the average number of active cycles.   
          Maximum instance value is 8.03% above the average, while the minimum instance value is 6.11% below the        
          average.                                                                                                      
    ----- --------------------------------------------------------------------------------------------------------------
    OPT   Est. Speedup: 7.643%                                                                                          
          One or more SMSPs have a much higher number of active cycles than the average number of active cycles.        
          Maximum instance value is 8.38% above the average, while the minimum instance value is 5.83% below the        
          average.                                                                                                      
    ----- --------------------------------------------------------------------------------------------------------------
    OPT   Est. Speedup: 7.365%                                                                                          
          One or more L1 Slices have a much higher number of active cycles than the average number of active cycles.    
          Additionally, other L1 Slices have a much lower number of active cycles than the average number of active     
          cycles. Maximum instance value is 8.03% above the average, while the minimum instance value is 6.11% below    
          the average.                                                                                                  

Working on config N=512, B=1024
ncu --set basic  --metrics smsp__cycles_active.avg.pct_of_peak_sustained_elapsed,dram__throughput.avg.pct_of_peak_sustained_elapsed,gpu__time_duration.avg --replay-mode kernel  --launch-count 1 ./sobel_gpu 512 1024
==PROF== Connected to process 2139385 (/pscratch/sd/t/tshiknn/cp5/build/sobel_gpu)
==PROF== Profiling "sobel_kernel_gpu" - 0 (1/1): 0%....50%....100% - 12 passes
 Read data from the file data/zebra-gray-int8-4x 
 GPU configuration: 1024 blocks, 512 threads per block 
 Wrote the output file data/processed-gpu-n-1024-b-512.dat 
==PROF== Disconnected from process 2139385
[2139385] sobel_gpu@127.0.0.1
  sobel_kernel_gpu(float *, float *, int, int, int, float *, float *) (1024, 1, 1)x(512, 1, 1), Context 1, Stream 7, Device 0, CC 8.0
    Section: Command line profiler metrics
    ----------------------------------------------------- ----------- ------------
    Metric Name                                           Metric Unit Metric Value
    ----------------------------------------------------- ----------- ------------
    dram__throughput.avg.pct_of_peak_sustained_elapsed              %        24.66
    gpu__time_duration.avg                                    usecond       792.45
    smsp__cycles_active.avg.pct_of_peak_sustained_elapsed           %        95.62
    ----------------------------------------------------- ----------- ------------

    Section: GPU Speed Of Light Throughput
    ----------------------- ------------- ------------
    Metric Name               Metric Unit Metric Value
    ----------------------- ------------- ------------
    DRAM Frequency          cycle/nsecond         1.21
    SM Frequency            cycle/nsecond         1.09
    Elapsed Cycles                  cycle      867,493
    Memory Throughput                   %        38.55
    DRAM Throughput                     %        24.66
    Duration                      usecond       792.45
    L1/TEX Cache Throughput             %        40.16
    L2 Cache Throughput                 %        26.86
    SM Active Cycles                cycle   833,447.30
    Compute (SM) Throughput             %        62.58
    ----------------------- ------------- ------------

    OPT   Compute is more heavily utilized than Memory: Look at the Compute Workload Analysis section to see what the   
          compute pipelines are spending their time doing. Also, consider whether any computation is redundant and      
          could be reduced or moved to look-up tables.                                                                  

    Section: Launch Statistics
    -------------------------------- --------------- ---------------
    Metric Name                          Metric Unit    Metric Value
    -------------------------------- --------------- ---------------
    Block Size                                                   512
    Function Cache Configuration                     CachePreferNone
    Grid Size                                                  1,024
    Registers Per Thread             register/thread              32
    Shared Memory Configuration Size           Kbyte           16.38
    Driver Shared Memory Per Block       Kbyte/block            1.02
    Dynamic Shared Memory Per Block       byte/block               0
    Static Shared Memory Per Block        byte/block               0
    # SMs                                         SM             108
    Threads                                   thread         524,288
    Uses Green Context                                             0
    Waves Per SM                                                2.37
    -------------------------------- --------------- ---------------

    Section: Occupancy
    ------------------------------- ----------- ------------
    Metric Name                     Metric Unit Metric Value
    ------------------------------- ----------- ------------
    Block Limit SM                        block           32
    Block Limit Registers                 block            4
    Block Limit Shared Mem                block           16
    Block Limit Warps                     block            4
    Theoretical Active Warps per SM        warp           64
    Theoretical Occupancy                     %          100
    Achieved Occupancy                        %        82.35
    Achieved Active Warps Per SM           warp        52.70
    ------------------------------- ----------- ------------

    OPT   Est. Local Speedup: 17.65%                                                                                    
          The difference between calculated theoretical (100.0%) and measured achieved occupancy (82.3%) can be the     
          result of warp scheduling overheads or workload imbalances during the kernel execution. Load imbalances can   
          occur between warps within a block as well as across blocks of the same kernel. See the CUDA Best Practices   
          Guide (https://docs.nvidia.com/cuda/cuda-c-best-practices-guide/index.html#occupancy) for more details on     
          optimizing occupancy.                                                                                         

    Section: GPU and Memory Workload Distribution
    -------------------------- ----------- ------------
    Metric Name                Metric Unit Metric Value
    -------------------------- ----------- ------------
    Average DRAM Active Cycles       cycle   237,388.50
    Total DRAM Elapsed Cycles        cycle   38,509,056
    Average L1 Active Cycles         cycle   833,447.30
    Total L1 Elapsed Cycles          cycle   93,767,724
    Average L2 Active Cycles         cycle   817,625.85
    Total L2 Elapsed Cycles          cycle   66,532,560
    Average SM Active Cycles         cycle   833,447.30
    Total SM Elapsed Cycles          cycle   93,767,724
    Average SMSP Active Cycles       cycle   830,229.08
    Total SMSP Elapsed Cycles        cycle  375,070,896
    -------------------------- ----------- ------------

Working on config N=512, B=4096
ncu --set basic  --metrics smsp__cycles_active.avg.pct_of_peak_sustained_elapsed,dram__throughput.avg.pct_of_peak_sustained_elapsed,gpu__time_duration.avg --replay-mode kernel  --launch-count 1 ./sobel_gpu 512 4096
==PROF== Connected to process 2139454 (/pscratch/sd/t/tshiknn/cp5/build/sobel_gpu)
==PROF== Profiling "sobel_kernel_gpu" - 0 (1/1): 0%....50%....100% - 12 passes
 Read data from the file data/zebra-gray-int8-4x 
 GPU configuration: 4096 blocks, 512 threads per block 
 Wrote the output file data/processed-gpu-n-4096-b-512.dat 
==PROF== Disconnected from process 2139454
[2139454] sobel_gpu@127.0.0.1
  sobel_kernel_gpu(float *, float *, int, int, int, float *, float *) (4096, 1, 1)x(512, 1, 1), Context 1, Stream 7, Device 0, CC 8.0
    Section: Command line profiler metrics
    ----------------------------------------------------- ----------- ------------
    Metric Name                                           Metric Unit Metric Value
    ----------------------------------------------------- ----------- ------------
    dram__throughput.avg.pct_of_peak_sustained_elapsed              %        25.79
    gpu__time_duration.avg                                    usecond       708.38
    smsp__cycles_active.avg.pct_of_peak_sustained_elapsed           %        98.17
    ----------------------------------------------------- ----------- ------------

    Section: GPU Speed Of Light Throughput
    ----------------------- ------------- ------------
    Metric Name               Metric Unit Metric Value
    ----------------------- ------------- ------------
    DRAM Frequency          cycle/nsecond         1.21
    SM Frequency            cycle/nsecond         1.09
    Elapsed Cycles                  cycle      775,464
    Memory Throughput                   %        41.39
    DRAM Throughput                     %        25.79
    Duration                      usecond       708.38
    L1/TEX Cache Throughput             %        42.02
    L2 Cache Throughput                 %        31.09
    SM Active Cycles                cycle   762,126.67
    Compute (SM) Throughput             %        70.48
    ----------------------- ------------- ------------

    OPT   Compute is more heavily utilized than Memory: Look at the Compute Workload Analysis section to see what the   
          compute pipelines are spending their time doing. Also, consider whether any computation is redundant and      
          could be reduced or moved to look-up tables.                                                                  

    Section: Launch Statistics
    -------------------------------- --------------- ---------------
    Metric Name                          Metric Unit    Metric Value
    -------------------------------- --------------- ---------------
    Block Size                                                   512
    Function Cache Configuration                     CachePreferNone
    Grid Size                                                  4,096
    Registers Per Thread             register/thread              32
    Shared Memory Configuration Size           Kbyte           16.38
    Driver Shared Memory Per Block       Kbyte/block            1.02
    Dynamic Shared Memory Per Block       byte/block               0
    Static Shared Memory Per Block        byte/block               0
    # SMs                                         SM             108
    Threads                                   thread       2,097,152
    Uses Green Context                                             0
    Waves Per SM                                                9.48
    -------------------------------- --------------- ---------------

    Section: Occupancy
    ------------------------------- ----------- ------------
    Metric Name                     Metric Unit Metric Value
    ------------------------------- ----------- ------------
    Block Limit SM                        block           32
    Block Limit Registers                 block            4
    Block Limit Shared Mem                block           16
    Block Limit Warps                     block            4
    Theoretical Active Warps per SM        warp           64
    Theoretical Occupancy                     %          100
    Achieved Occupancy                        %        83.00
    Achieved Active Warps Per SM           warp        53.12
    ------------------------------- ----------- ------------

    OPT   Est. Local Speedup: 17%                                                                                       
          The difference between calculated theoretical (100.0%) and measured achieved occupancy (83.0%) can be the     
          result of warp scheduling overheads or workload imbalances during the kernel execution. Load imbalances can   
          occur between warps within a block as well as across blocks of the same kernel. See the CUDA Best Practices   
          Guide (https://docs.nvidia.com/cuda/cuda-c-best-practices-guide/index.html#occupancy) for more details on     
          optimizing occupancy.                                                                                         

    Section: GPU and Memory Workload Distribution
    -------------------------- ----------- ------------
    Metric Name                Metric Unit Metric Value
    -------------------------- ----------- ------------
    Average DRAM Active Cycles       cycle   221,921.70
    Total DRAM Elapsed Cycles        cycle   34,424,320
    Average L1 Active Cycles         cycle   762,126.67
    Total L1 Elapsed Cycles          cycle   83,575,018
    Average L2 Active Cycles         cycle   731,037.96
    Total L2 Elapsed Cycles          cycle   59,478,960
    Average SM Active Cycles         cycle   762,126.67
    Total SM Elapsed Cycles          cycle   83,575,018
    Average SMSP Active Cycles       cycle   759,673.74
    Total SMSP Elapsed Cycles        cycle  334,300,072
    -------------------------- ----------- ------------

Working on config N=1024, B=1
ncu --set basic  --metrics smsp__cycles_active.avg.pct_of_peak_sustained_elapsed,dram__throughput.avg.pct_of_peak_sustained_elapsed,gpu__time_duration.avg --replay-mode kernel  --launch-count 1 ./sobel_gpu 1024 1
==PROF== Connected to process 2139487 (/pscratch/sd/t/tshiknn/cp5/build/sobel_gpu)
==PROF== Profiling "sobel_kernel_gpu" - 0 (1/1): 0%....50%....100% - 12 passes
 Read data from the file data/zebra-gray-int8-4x 
 GPU configuration: 1 blocks, 1024 threads per block 
 Wrote the output file data/processed-gpu-n-1-b-1024.dat 
==PROF== Disconnected from process 2139487
[2139487] sobel_gpu@127.0.0.1
  sobel_kernel_gpu(float *, float *, int, int, int, float *, float *) (1, 1, 1)x(1024, 1, 1), Context 1, Stream 7, Device 0, CC 8.0
    Section: Command line profiler metrics
    ----------------------------------------------------- ----------- ------------
    Metric Name                                           Metric Unit Metric Value
    ----------------------------------------------------- ----------- ------------
    dram__throughput.avg.pct_of_peak_sustained_elapsed              %         0.24
    gpu__time_duration.avg                                    msecond        74.99
    smsp__cycles_active.avg.pct_of_peak_sustained_elapsed           %         0.93
    ----------------------------------------------------- ----------- ------------

    Section: GPU Speed Of Light Throughput
    ----------------------- ------------- ------------
    Metric Name               Metric Unit Metric Value
    ----------------------- ------------- ------------
    DRAM Frequency          cycle/nsecond         1.21
    SM Frequency            cycle/nsecond         1.09
    Elapsed Cycles                  cycle   82,113,957
    Memory Throughput                   %         0.37
    DRAM Throughput                     %         0.24
    Duration                      msecond        74.99
    L1/TEX Cache Throughput             %        40.18
    L2 Cache Throughput                 %         0.23
    SM Active Cycles                cycle   760,295.29
    Compute (SM) Throughput             %         0.66
    ----------------------- ------------- ------------

    OPT   This kernel grid is too small to fill the available resources on this device, resulting in only 0.0 full      
          waves across all SMs. Look at Launch Statistics for more details.                                             

    Section: Launch Statistics
    -------------------------------- --------------- ---------------
    Metric Name                          Metric Unit    Metric Value
    -------------------------------- --------------- ---------------
    Block Size                                                 1,024
    Function Cache Configuration                     CachePreferNone
    Grid Size                                                      1
    Registers Per Thread             register/thread              32
    Shared Memory Configuration Size           Kbyte            8.19
    Driver Shared Memory Per Block       Kbyte/block            1.02
    Dynamic Shared Memory Per Block       byte/block               0
    Static Shared Memory Per Block        byte/block               0
    # SMs                                         SM             108
    Threads                                   thread           1,024
    Uses Green Context                                             0
    Waves Per SM                                                0.00
    -------------------------------- --------------- ---------------

    OPT   Est. Speedup: 99.07%                                                                                          
          The grid for this launch is configured to execute only 1 blocks, which is less than the GPU's 108             
          multiprocessors. This can underutilize some multiprocessors. If you do not intend to execute this kernel      
          concurrently with other workloads, consider reducing the block size to have at least one block per            
          multiprocessor or increase the size of the grid to fully utilize the available hardware resources. See the    
          Hardware Model (https://docs.nvidia.com/nsight-compute/ProfilingGuide/index.html#metrics-hw-model)            
          description for more details on launch configurations.                                                        

    Section: Occupancy
    ------------------------------- ----------- ------------
    Metric Name                     Metric Unit Metric Value
    ------------------------------- ----------- ------------
    Block Limit SM                        block           32
    Block Limit Registers                 block            2
    Block Limit Shared Mem                block            8
    Block Limit Warps                     block            2
    Theoretical Active Warps per SM        warp           64
    Theoretical Occupancy                     %          100
    Achieved Occupancy                        %        49.99
    Achieved Active Warps Per SM           warp        31.99
    ------------------------------- ----------- ------------

    OPT   Est. Local Speedup: 50.01%                                                                                    
          The difference between calculated theoretical (100.0%) and measured achieved occupancy (50.0%) can be the     
          result of warp scheduling overheads or workload imbalances during the kernel execution. Load imbalances can   
          occur between warps within a block as well as across blocks of the same kernel. See the CUDA Best Practices   
          Guide (https://docs.nvidia.com/cuda/cuda-c-best-practices-guide/index.html#occupancy) for more details on     
          optimizing occupancy.                                                                                         

    Section: GPU and Memory Workload Distribution
    -------------------------- ----------- --------------
    Metric Name                Metric Unit   Metric Value
    -------------------------- ----------- --------------
    Average DRAM Active Cycles       cycle     219,696.30
    Total DRAM Elapsed Cycles        cycle  3,644,510,720
    Average L1 Active Cycles         cycle     760,295.29
    Total L1 Elapsed Cycles          cycle  8,867,168,078
    Average L2 Active Cycles         cycle   9,989,398.45
    Total L2 Elapsed Cycles          cycle  6,299,145,360
    Average SM Active Cycles         cycle     760,295.29
    Total SM Elapsed Cycles          cycle  8,867,168,078
    Average SMSP Active Cycles       cycle     759,960.74
    Total SMSP Elapsed Cycles        cycle 35,468,672,312
    -------------------------- ----------- --------------

Working on config N=1024, B=4
ncu --set basic  --metrics smsp__cycles_active.avg.pct_of_peak_sustained_elapsed,dram__throughput.avg.pct_of_peak_sustained_elapsed,gpu__time_duration.avg --replay-mode kernel  --launch-count 1 ./sobel_gpu 1024 4
==PROF== Connected to process 2139522 (/pscratch/sd/t/tshiknn/cp5/build/sobel_gpu)
==PROF== Profiling "sobel_kernel_gpu" - 0 (1/1): 0%....50%....100% - 12 passes
 Read data from the file data/zebra-gray-int8-4x 
 GPU configuration: 4 blocks, 1024 threads per block 
 Wrote the output file data/processed-gpu-n-4-b-1024.dat 
==PROF== Disconnected from process 2139522
[2139522] sobel_gpu@127.0.0.1
  sobel_kernel_gpu(float *, float *, int, int, int, float *, float *) (4, 1, 1)x(1024, 1, 1), Context 1, Stream 7, Device 0, CC 8.0
    Section: Command line profiler metrics
    ----------------------------------------------------- ----------- ------------
    Metric Name                                           Metric Unit Metric Value
    ----------------------------------------------------- ----------- ------------
    dram__throughput.avg.pct_of_peak_sustained_elapsed              %         0.71
    gpu__time_duration.avg                                    msecond        25.73
    smsp__cycles_active.avg.pct_of_peak_sustained_elapsed           %         3.70
    ----------------------------------------------------- ----------- ------------

    Section: GPU Speed Of Light Throughput
    ----------------------- ------------- ------------
    Metric Name               Metric Unit Metric Value
    ----------------------- ------------- ------------
    DRAM Frequency          cycle/nsecond         1.21
    SM Frequency            cycle/nsecond         1.09
    Elapsed Cycles                  cycle   28,170,285
    Memory Throughput                   %         1.22
    DRAM Throughput                     %         0.71
    Duration                      msecond        25.73
    L1/TEX Cache Throughput             %        32.88
    L2 Cache Throughput                 %         0.94
    SM Active Cycles                cycle 1,043,208.66
    Compute (SM) Throughput             %         1.93
    ----------------------- ------------- ------------

    OPT   This kernel grid is too small to fill the available resources on this device, resulting in only 0.0 full      
          waves across all SMs. Look at Launch Statistics for more details.                                             

    Section: Launch Statistics
    -------------------------------- --------------- ---------------
    Metric Name                          Metric Unit    Metric Value
    -------------------------------- --------------- ---------------
    Block Size                                                 1,024
    Function Cache Configuration                     CachePreferNone
    Grid Size                                                      4
    Registers Per Thread             register/thread              32
    Shared Memory Configuration Size           Kbyte            8.19
    Driver Shared Memory Per Block       Kbyte/block            1.02
    Dynamic Shared Memory Per Block       byte/block               0
    Static Shared Memory Per Block        byte/block               0
    # SMs                                         SM             108
    Threads                                   thread           4,096
    Uses Green Context                                             0
    Waves Per SM                                                0.02
    -------------------------------- --------------- ---------------

    OPT   Est. Speedup: 96.3%                                                                                           
          The grid for this launch is configured to execute only 4 blocks, which is less than the GPU's 108             
          multiprocessors. This can underutilize some multiprocessors. If you do not intend to execute this kernel      
          concurrently with other workloads, consider reducing the block size to have at least one block per            
          multiprocessor or increase the size of the grid to fully utilize the available hardware resources. See the    
          Hardware Model (https://docs.nvidia.com/nsight-compute/ProfilingGuide/index.html#metrics-hw-model)            
          description for more details on launch configurations.                                                        

    Section: Occupancy
    ------------------------------- ----------- ------------
    Metric Name                     Metric Unit Metric Value
    ------------------------------- ----------- ------------
    Block Limit SM                        block           32
    Block Limit Registers                 block            2
    Block Limit Shared Mem                block            8
    Block Limit Warps                     block            2
    Theoretical Active Warps per SM        warp           64
    Theoretical Occupancy                     %          100
    Achieved Occupancy                        %        49.93
    Achieved Active Warps Per SM           warp        31.96
    ------------------------------- ----------- ------------

    OPT   Est. Local Speedup: 50.07%                                                                                    
          The difference between calculated theoretical (100.0%) and measured achieved occupancy (49.9%) can be the     
          result of warp scheduling overheads or workload imbalances during the kernel execution. Load imbalances can   
          occur between warps within a block as well as across blocks of the same kernel. See the CUDA Best Practices   
          Guide (https://docs.nvidia.com/cuda/cuda-c-best-practices-guide/index.html#occupancy) for more details on     
          optimizing occupancy.                                                                                         

    Section: GPU and Memory Workload Distribution
    -------------------------- ----------- --------------
    Metric Name                Metric Unit   Metric Value
    -------------------------- ----------- --------------
    Average DRAM Active Cycles       cycle        221,417
    Total DRAM Elapsed Cycles        cycle  1,250,297,856
    Average L1 Active Cycles         cycle   1,043,208.66
    Total L1 Elapsed Cycles          cycle  3,041,460,140
    Average L2 Active Cycles         cycle  12,448,263.05
    Total L2 Elapsed Cycles          cycle  2,161,007,680
    Average SM Active Cycles         cycle   1,043,208.66
    Total SM Elapsed Cycles          cycle  3,041,460,140
    Average SMSP Active Cycles       cycle   1,042,536.21
    Total SMSP Elapsed Cycles        cycle 12,165,840,560
    -------------------------- ----------- --------------

    OPT   Est. Speedup: 6.688%                                                                                          
          One or more L2 Slices have a much lower number of active cycles than the average number of active cycles.     
          Maximum instance value is 14.51% above the average, while the minimum instance value is 17.77% below the      
          average.                                                                                                      

Working on config N=1024, B=16
ncu --set basic  --metrics smsp__cycles_active.avg.pct_of_peak_sustained_elapsed,dram__throughput.avg.pct_of_peak_sustained_elapsed,gpu__time_duration.avg --replay-mode kernel  --launch-count 1 ./sobel_gpu 1024 16
==PROF== Connected to process 2139556 (/pscratch/sd/t/tshiknn/cp5/build/sobel_gpu)
==PROF== Profiling "sobel_kernel_gpu" - 0 (1/1): 0%....50%....100% - 12 passes
 Read data from the file data/zebra-gray-int8-4x 
 GPU configuration: 16 blocks, 1024 threads per block 
 Wrote the output file data/processed-gpu-n-16-b-1024.dat 
==PROF== Disconnected from process 2139556
[2139556] sobel_gpu@127.0.0.1
  sobel_kernel_gpu(float *, float *, int, int, int, float *, float *) (16, 1, 1)x(1024, 1, 1), Context 1, Stream 7, Device 0, CC 8.0
    Section: Command line profiler metrics
    ----------------------------------------------------- ----------- ------------
    Metric Name                                           Metric Unit Metric Value
    ----------------------------------------------------- ----------- ------------
    dram__throughput.avg.pct_of_peak_sustained_elapsed              %         2.77
    gpu__time_duration.avg                                    msecond         6.56
    smsp__cycles_active.avg.pct_of_peak_sustained_elapsed           %        14.77
    ----------------------------------------------------- ----------- ------------

    Section: GPU Speed Of Light Throughput
    ----------------------- ------------- ------------
    Metric Name               Metric Unit Metric Value
    ----------------------- ------------- ------------
    DRAM Frequency          cycle/nsecond         1.21
    SM Frequency            cycle/nsecond         1.09
    Elapsed Cycles                  cycle    7,185,222
    Memory Throughput                   %         4.78
    DRAM Throughput                     %         2.77
    Duration                      msecond         6.56
    L1/TEX Cache Throughput             %        32.32
    L2 Cache Throughput                 %         3.24
    SM Active Cycles                cycle 1,062,124.82
    Compute (SM) Throughput             %         7.56
    ----------------------- ------------- ------------

    OPT   This kernel grid is too small to fill the available resources on this device, resulting in only 0.1 full      
          waves across all SMs. Look at Launch Statistics for more details.                                             

    Section: Launch Statistics
    -------------------------------- --------------- ---------------
    Metric Name                          Metric Unit    Metric Value
    -------------------------------- --------------- ---------------
    Block Size                                                 1,024
    Function Cache Configuration                     CachePreferNone
    Grid Size                                                     16
    Registers Per Thread             register/thread              32
    Shared Memory Configuration Size           Kbyte            8.19
    Driver Shared Memory Per Block       Kbyte/block            1.02
    Dynamic Shared Memory Per Block       byte/block               0
    Static Shared Memory Per Block        byte/block               0
    # SMs                                         SM             108
    Threads                                   thread          16,384
    Uses Green Context                                             0
    Waves Per SM                                                0.07
    -------------------------------- --------------- ---------------

    OPT   Est. Speedup: 85.19%                                                                                          
          The grid for this launch is configured to execute only 16 blocks, which is less than the GPU's 108            
          multiprocessors. This can underutilize some multiprocessors. If you do not intend to execute this kernel      
          concurrently with other workloads, consider reducing the block size to have at least one block per            
          multiprocessor or increase the size of the grid to fully utilize the available hardware resources. See the    
          Hardware Model (https://docs.nvidia.com/nsight-compute/ProfilingGuide/index.html#metrics-hw-model)            
          description for more details on launch configurations.                                                        

    Section: Occupancy
    ------------------------------- ----------- ------------
    Metric Name                     Metric Unit Metric Value
    ------------------------------- ----------- ------------
    Block Limit SM                        block           32
    Block Limit Registers                 block            2
    Block Limit Shared Mem                block            8
    Block Limit Warps                     block            2
    Theoretical Active Warps per SM        warp           64
    Theoretical Occupancy                     %          100
    Achieved Occupancy                        %        49.73
    Achieved Active Warps Per SM           warp        31.83
    ------------------------------- ----------- ------------

    OPT   Est. Local Speedup: 50.27%                                                                                    
          The difference between calculated theoretical (100.0%) and measured achieved occupancy (49.7%) can be the     
          result of warp scheduling overheads or workload imbalances during the kernel execution. Load imbalances can   
          occur between warps within a block as well as across blocks of the same kernel. See the CUDA Best Practices   
          Guide (https://docs.nvidia.com/cuda/cuda-c-best-practices-guide/index.html#occupancy) for more details on     
          optimizing occupancy.                                                                                         

    Section: GPU and Memory Workload Distribution
    -------------------------- ----------- -------------
    Metric Name                Metric Unit  Metric Value
    -------------------------- ----------- -------------
    Average DRAM Active Cycles       cycle    220,897.90
    Total DRAM Elapsed Cycles        cycle   318,905,856
    Average L1 Active Cycles         cycle  1,062,124.82
    Total L1 Elapsed Cycles          cycle   775,571,216
    Average L2 Active Cycles         cycle  6,054,263.96
    Total L2 Elapsed Cycles          cycle   551,194,960
    Average SM Active Cycles         cycle  1,062,124.82
    Total SM Elapsed Cycles          cycle   775,571,216
    Average SMSP Active Cycles       cycle  1,060,929.77
    Total SMSP Elapsed Cycles        cycle 3,102,284,864
    -------------------------- ----------- -------------

    OPT   Est. Speedup: 12.6%                                                                                           
          One or more SMs have a much lower number of active cycles than the average number of active cycles. Maximum   
          instance value is 85.21% above the average, while the minimum instance value is 100.00% below the average.    
    ----- --------------------------------------------------------------------------------------------------------------
    OPT   Est. Speedup: 12.59%                                                                                          
          One or more SMSPs have a much lower number of active cycles than the average number of active cycles. Maximum 
          instance value is 85.25% above the average, while the minimum instance value is 100.00% below the average.    
    ----- --------------------------------------------------------------------------------------------------------------
    OPT   Est. Speedup: 12.6%                                                                                           
          One or more L1 Slices have a much lower number of active cycles than the average number of active cycles.     
          Maximum instance value is 85.21% above the average, while the minimum instance value is 100.00% below the     
          average.                                                                                                      

Working on config N=1024, B=64
ncu --set basic  --metrics smsp__cycles_active.avg.pct_of_peak_sustained_elapsed,dram__throughput.avg.pct_of_peak_sustained_elapsed,gpu__time_duration.avg --replay-mode kernel  --launch-count 1 ./sobel_gpu 1024 64
==PROF== Connected to process 2139626 (/pscratch/sd/t/tshiknn/cp5/build/sobel_gpu)
==PROF== Profiling "sobel_kernel_gpu" - 0 (1/1): 0%....50%....100% - 12 passes
 Read data from the file data/zebra-gray-int8-4x 
 GPU configuration: 64 blocks, 1024 threads per block 
 Wrote the output file data/processed-gpu-n-64-b-1024.dat 
==PROF== Disconnected from process 2139626
[2139626] sobel_gpu@127.0.0.1
  sobel_kernel_gpu(float *, float *, int, int, int, float *, float *) (64, 1, 1)x(1024, 1, 1), Context 1, Stream 7, Device 0, CC 8.0
    Section: Command line profiler metrics
    ----------------------------------------------------- ----------- ------------
    Metric Name                                           Metric Unit Metric Value
    ----------------------------------------------------- ----------- ------------
    dram__throughput.avg.pct_of_peak_sustained_elapsed              %        10.71
    gpu__time_duration.avg                                    msecond         1.69
    smsp__cycles_active.avg.pct_of_peak_sustained_elapsed           %        58.21
    ----------------------------------------------------- ----------- ------------

    Section: GPU Speed Of Light Throughput
    ----------------------- ------------- ------------
    Metric Name               Metric Unit Metric Value
    ----------------------- ------------- ------------
    DRAM Frequency          cycle/nsecond         1.21
    SM Frequency            cycle/nsecond         1.09
    Elapsed Cycles                  cycle    1,854,445
    Memory Throughput                   %        18.29
    DRAM Throughput                     %        10.71
    Duration                      msecond         1.69
    L1/TEX Cache Throughput             %        31.33
    L2 Cache Throughput                 %        11.07
    SM Active Cycles                cycle 1,082,510.05
    Compute (SM) Throughput             %        29.27
    ----------------------- ------------- ------------

    OPT   This kernel grid is too small to fill the available resources on this device, resulting in only 0.3 full      
          waves across all SMs. Look at Launch Statistics for more details.                                             

    Section: Launch Statistics
    -------------------------------- --------------- ---------------
    Metric Name                          Metric Unit    Metric Value
    -------------------------------- --------------- ---------------
    Block Size                                                 1,024
    Function Cache Configuration                     CachePreferNone
    Grid Size                                                     64
    Registers Per Thread             register/thread              32
    Shared Memory Configuration Size           Kbyte            8.19
    Driver Shared Memory Per Block       Kbyte/block            1.02
    Dynamic Shared Memory Per Block       byte/block               0
    Static Shared Memory Per Block        byte/block               0
    # SMs                                         SM             108
    Threads                                   thread          65,536
    Uses Green Context                                             0
    Waves Per SM                                                0.30
    -------------------------------- --------------- ---------------

    OPT   Est. Speedup: 40.74%                                                                                          
          The grid for this launch is configured to execute only 64 blocks, which is less than the GPU's 108            
          multiprocessors. This can underutilize some multiprocessors. If you do not intend to execute this kernel      
          concurrently with other workloads, consider reducing the block size to have at least one block per            
          multiprocessor or increase the size of the grid to fully utilize the available hardware resources. See the    
          Hardware Model (https://docs.nvidia.com/nsight-compute/ProfilingGuide/index.html#metrics-hw-model)            
          description for more details on launch configurations.                                                        

    Section: Occupancy
    ------------------------------- ----------- ------------
    Metric Name                     Metric Unit Metric Value
    ------------------------------- ----------- ------------
    Block Limit SM                        block           32
    Block Limit Registers                 block            2
    Block Limit Shared Mem                block            8
    Block Limit Warps                     block            2
    Theoretical Active Warps per SM        warp           64
    Theoretical Occupancy                     %          100
    Achieved Occupancy                        %        49.13
    Achieved Active Warps Per SM           warp        31.45
    ------------------------------- ----------- ------------

    OPT   Est. Local Speedup: 50.87%                                                                                    
          The difference between calculated theoretical (100.0%) and measured achieved occupancy (49.1%) can be the     
          result of warp scheduling overheads or workload imbalances during the kernel execution. Load imbalances can   
          occur between warps within a block as well as across blocks of the same kernel. See the CUDA Best Practices   
          Guide (https://docs.nvidia.com/cuda/cuda-c-best-practices-guide/index.html#occupancy) for more details on     
          optimizing occupancy.                                                                                         

    Section: GPU and Memory Workload Distribution
    -------------------------- ----------- ------------
    Metric Name                Metric Unit Metric Value
    -------------------------- ----------- ------------
    Average DRAM Active Cycles       cycle   220,477.70
    Total DRAM Elapsed Cycles        cycle   82,307,584
    Average L1 Active Cycles         cycle 1,082,510.05
    Total L1 Elapsed Cycles          cycle  200,244,204
    Average L2 Active Cycles         cycle 1,739,157.62
    Total L2 Elapsed Cycles          cycle  142,253,680
    Average SM Active Cycles         cycle 1,082,510.05
    Total SM Elapsed Cycles          cycle  200,244,204
    Average SMSP Active Cycles       cycle 1,079,345.32
    Total SMSP Elapsed Cycles        cycle  800,976,816
    -------------------------- ----------- ------------

    OPT   Est. Speedup: 24.26%                                                                                          
          One or more SMs have a much lower number of active cycles than the average number of active cycles. Maximum   
          instance value is 41.56% above the average, while the minimum instance value is 100.00% below the average.    
    ----- --------------------------------------------------------------------------------------------------------------
    OPT   Est. Speedup: 24.31%                                                                                          
          One or more SMSPs have a much lower number of active cycles than the average number of active cycles. Maximum 
          instance value is 41.76% above the average, while the minimum instance value is 100.00% below the average.    
    ----- --------------------------------------------------------------------------------------------------------------
    OPT   Est. Speedup: 24.26%                                                                                          
          One or more L1 Slices have a much lower number of active cycles than the average number of active cycles.     
          Maximum instance value is 41.56% above the average, while the minimum instance value is 100.00% below the     
          average.                                                                                                      

Working on config N=1024, B=256
ncu --set basic  --metrics smsp__cycles_active.avg.pct_of_peak_sustained_elapsed,dram__throughput.avg.pct_of_peak_sustained_elapsed,gpu__time_duration.avg --replay-mode kernel  --launch-count 1 ./sobel_gpu 1024 256
==PROF== Connected to process 2139660 (/pscratch/sd/t/tshiknn/cp5/build/sobel_gpu)
==PROF== Profiling "sobel_kernel_gpu" - 0 (1/1): 0%....50%....100% - 12 passes
 Read data from the file data/zebra-gray-int8-4x 
 GPU configuration: 256 blocks, 1024 threads per block 
 Wrote the output file data/processed-gpu-n-256-b-1024.dat 
==PROF== Disconnected from process 2139660
[2139660] sobel_gpu@127.0.0.1
  sobel_kernel_gpu(float *, float *, int, int, int, float *, float *) (256, 1, 1)x(1024, 1, 1), Context 1, Stream 7, Device 0, CC 8.0
    Section: Command line profiler metrics
    ----------------------------------------------------- ----------- ------------
    Metric Name                                           Metric Unit Metric Value
    ----------------------------------------------------- ----------- ------------
    dram__throughput.avg.pct_of_peak_sustained_elapsed              %        21.55
    gpu__time_duration.avg                                    usecond       991.01
    smsp__cycles_active.avg.pct_of_peak_sustained_elapsed           %        76.98
    ----------------------------------------------------- ----------- ------------

    Section: GPU Speed Of Light Throughput
    ----------------------- ------------- ------------
    Metric Name               Metric Unit Metric Value
    ----------------------- ------------- ------------
    DRAM Frequency          cycle/nsecond         1.21
    SM Frequency            cycle/nsecond         1.09
    Elapsed Cycles                  cycle    1,084,895
    Memory Throughput                   %        30.74
    DRAM Throughput                     %        21.55
    Duration                      usecond       991.01
    L1/TEX Cache Throughput             %        39.79
    L2 Cache Throughput                 %        21.09
    SM Active Cycles                cycle   836,156.65
    Compute (SM) Throughput             %        50.18
    ----------------------- ------------- ------------

    OPT   This kernel exhibits low compute throughput and memory bandwidth utilization relative to the peak performance 
          of this device. Achieved compute throughput and/or memory bandwidth below 60.0% of peak typically indicate    
          latency issues. Look at Scheduler Statistics and Warp State Statistics for potential reasons.                 

    Section: Launch Statistics
    -------------------------------- --------------- ---------------
    Metric Name                          Metric Unit    Metric Value
    -------------------------------- --------------- ---------------
    Block Size                                                 1,024
    Function Cache Configuration                     CachePreferNone
    Grid Size                                                    256
    Registers Per Thread             register/thread              32
    Shared Memory Configuration Size           Kbyte            8.19
    Driver Shared Memory Per Block       Kbyte/block            1.02
    Dynamic Shared Memory Per Block       byte/block               0
    Static Shared Memory Per Block        byte/block               0
    # SMs                                         SM             108
    Threads                                   thread         262,144
    Uses Green Context                                             0
    Waves Per SM                                                1.19
    -------------------------------- --------------- ---------------

    Section: Occupancy
    ------------------------------- ----------- ------------
    Metric Name                     Metric Unit Metric Value
    ------------------------------- ----------- ------------
    Block Limit SM                        block           32
    Block Limit Registers                 block            2
    Block Limit Shared Mem                block            8
    Block Limit Warps                     block            2
    Theoretical Active Warps per SM        warp           64
    Theoretical Occupancy                     %          100
    Achieved Occupancy                        %        83.01
    Achieved Active Warps Per SM           warp        53.12
    ------------------------------- ----------- ------------

    OPT   Est. Local Speedup: 16.99%                                                                                    
          The difference between calculated theoretical (100.0%) and measured achieved occupancy (83.0%) can be the     
          result of warp scheduling overheads or workload imbalances during the kernel execution. Load imbalances can   
          occur between warps within a block as well as across blocks of the same kernel. See the CUDA Best Practices   
          Guide (https://docs.nvidia.com/cuda/cuda-c-best-practices-guide/index.html#occupancy) for more details on     
          optimizing occupancy.                                                                                         

    Section: GPU and Memory Workload Distribution
    -------------------------- ----------- ------------
    Metric Name                Metric Unit Metric Value
    -------------------------- ----------- ------------
    Average DRAM Active Cycles       cycle   259,511.10
    Total DRAM Elapsed Cycles        cycle   48,159,744
    Average L1 Active Cycles         cycle   836,156.65
    Total L1 Elapsed Cycles          cycle  116,865,690
    Average L2 Active Cycles         cycle 1,020,180.59
    Total L2 Elapsed Cycles          cycle   83,208,720
    Average SM Active Cycles         cycle   836,156.65
    Total SM Elapsed Cycles          cycle  116,865,690
    Average SMSP Active Cycles       cycle   833,009.73
    Total SMSP Elapsed Cycles        cycle  467,462,760
    -------------------------- ----------- ------------

    OPT   Est. Speedup: 17.58%                                                                                          
          One or more SMs have a much higher number of active cycles than the average number of active cycles. Maximum  
          instance value is 22.75% above the average, while the minimum instance value is 18.05% below the average.     
    ----- --------------------------------------------------------------------------------------------------------------
    OPT   Est. Speedup: 17.98%                                                                                          
          One or more SMSPs have a much higher number of active cycles than the average number of active cycles.        
          Maximum instance value is 23.36% above the average, while the minimum instance value is 18.71% below the      
          average.                                                                                                      
    ----- --------------------------------------------------------------------------------------------------------------
    OPT   Est. Speedup: 17.58%                                                                                          
          One or more L1 Slices have a much higher number of active cycles than the average number of active cycles.    
          Maximum instance value is 22.75% above the average, while the minimum instance value is 18.05% below the      
          average.                                                                                                      

Working on config N=1024, B=1024
ncu --set basic  --metrics smsp__cycles_active.avg.pct_of_peak_sustained_elapsed,dram__throughput.avg.pct_of_peak_sustained_elapsed,gpu__time_duration.avg --replay-mode kernel  --launch-count 1 ./sobel_gpu 1024 1024
==PROF== Connected to process 2139694 (/pscratch/sd/t/tshiknn/cp5/build/sobel_gpu)
==PROF== Profiling "sobel_kernel_gpu" - 0 (1/1): 0%....50%....100% - 12 passes
 Read data from the file data/zebra-gray-int8-4x 
 GPU configuration: 1024 blocks, 1024 threads per block 
 Wrote the output file data/processed-gpu-n-1024-b-1024.dat 
==PROF== Disconnected from process 2139694
[2139694] sobel_gpu@127.0.0.1
  sobel_kernel_gpu(float *, float *, int, int, int, float *, float *) (1024, 1, 1)x(1024, 1, 1), Context 1, Stream 7, Device 0, CC 8.0
    Section: Command line profiler metrics
    ----------------------------------------------------- ----------- ------------
    Metric Name                                           Metric Unit Metric Value
    ----------------------------------------------------- ----------- ------------
    dram__throughput.avg.pct_of_peak_sustained_elapsed              %        26.32
    gpu__time_duration.avg                                    usecond       751.65
    smsp__cycles_active.avg.pct_of_peak_sustained_elapsed           %        94.33
    ----------------------------------------------------- ----------- ------------

    Section: GPU Speed Of Light Throughput
    ----------------------- ------------- ------------
    Metric Name               Metric Unit Metric Value
    ----------------------- ------------- ------------
    DRAM Frequency          cycle/nsecond         1.21
    SM Frequency            cycle/nsecond         1.09
    Elapsed Cycles                  cycle      822,723
    Memory Throughput                   %        38.66
    DRAM Throughput                     %        26.32
    Duration                      usecond       751.65
    L1/TEX Cache Throughput             %        40.83
    L2 Cache Throughput                 %        31.15
    SM Active Cycles                cycle   778,364.86
    Compute (SM) Throughput             %        66.17
    ----------------------- ------------- ------------

    OPT   Compute is more heavily utilized than Memory: Look at the Compute Workload Analysis section to see what the   
          compute pipelines are spending their time doing. Also, consider whether any computation is redundant and      
          could be reduced or moved to look-up tables.                                                                  

    Section: Launch Statistics
    -------------------------------- --------------- ---------------
    Metric Name                          Metric Unit    Metric Value
    -------------------------------- --------------- ---------------
    Block Size                                                 1,024
    Function Cache Configuration                     CachePreferNone
    Grid Size                                                  1,024
    Registers Per Thread             register/thread              32
    Shared Memory Configuration Size           Kbyte            8.19
    Driver Shared Memory Per Block       Kbyte/block            1.02
    Dynamic Shared Memory Per Block       byte/block               0
    Static Shared Memory Per Block        byte/block               0
    # SMs                                         SM             108
    Threads                                   thread       1,048,576
    Uses Green Context                                             0
    Waves Per SM                                                4.74
    -------------------------------- --------------- ---------------

    Section: Occupancy
    ------------------------------- ----------- ------------
    Metric Name                     Metric Unit Metric Value
    ------------------------------- ----------- ------------
    Block Limit SM                        block           32
    Block Limit Registers                 block            2
    Block Limit Shared Mem                block            8
    Block Limit Warps                     block            2
    Theoretical Active Warps per SM        warp           64
    Theoretical Occupancy                     %          100
    Achieved Occupancy                        %        84.56
    Achieved Active Warps Per SM           warp        54.12
    ------------------------------- ----------- ------------

    OPT   Est. Local Speedup: 15.44%                                                                                    
          The difference between calculated theoretical (100.0%) and measured achieved occupancy (84.6%) can be the     
          result of warp scheduling overheads or workload imbalances during the kernel execution. Load imbalances can   
          occur between warps within a block as well as across blocks of the same kernel. See the CUDA Best Practices   
          Guide (https://docs.nvidia.com/cuda/cuda-c-best-practices-guide/index.html#occupancy) for more details on     
          optimizing occupancy.                                                                                         

    Section: GPU and Memory Workload Distribution
    -------------------------- ----------- ------------
    Metric Name                Metric Unit Metric Value
    -------------------------- ----------- ------------
    Average DRAM Active Cycles       cycle   240,351.70
    Total DRAM Elapsed Cycles        cycle   36,526,592
    Average L1 Active Cycles         cycle   778,364.86
    Total L1 Elapsed Cycles          cycle   88,792,868
    Average L2 Active Cycles         cycle   775,364.46
    Total L2 Elapsed Cycles          cycle   63,091,360
    Average SM Active Cycles         cycle   778,364.86
    Total SM Elapsed Cycles          cycle   88,792,868
    Average SMSP Active Cycles       cycle   775,502.78
    Total SMSP Elapsed Cycles        cycle  355,171,472
    -------------------------- ----------- ------------

    OPT   Est. Speedup: 5.206%                                                                                          
          One or more SMSPs have a much higher number of active cycles than the average number of active cycles.        
          Additionally, other SMSPs have a much lower number of active cycles than the average number of active         
          cycles. Maximum instance value is 5.52% above the average, while the minimum instance value is 5.35% below    
          the average.                                                                                                  

Working on config N=1024, B=4096
ncu --set basic  --metrics smsp__cycles_active.avg.pct_of_peak_sustained_elapsed,dram__throughput.avg.pct_of_peak_sustained_elapsed,gpu__time_duration.avg --replay-mode kernel  --launch-count 1 ./sobel_gpu 1024 4096
==PROF== Connected to process 2139761 (/pscratch/sd/t/tshiknn/cp5/build/sobel_gpu)
==PROF== Profiling "sobel_kernel_gpu" - 0 (1/1): 0%....50%....100% - 12 passes
 Read data from the file data/zebra-gray-int8-4x 
 GPU configuration: 4096 blocks, 1024 threads per block 
 Wrote the output file data/processed-gpu-n-4096-b-1024.dat 
==PROF== Disconnected from process 2139761
[2139761] sobel_gpu@127.0.0.1
  sobel_kernel_gpu(float *, float *, int, int, int, float *, float *) (4096, 1, 1)x(1024, 1, 1), Context 1, Stream 7, Device 0, CC 8.0
    Section: Command line profiler metrics
    ----------------------------------------------------- ----------- ------------
    Metric Name                                           Metric Unit Metric Value
    ----------------------------------------------------- ----------- ------------
    dram__throughput.avg.pct_of_peak_sustained_elapsed              %        25.60
    gpu__time_duration.avg                                    usecond       711.71
    smsp__cycles_active.avg.pct_of_peak_sustained_elapsed           %        98.13
    ----------------------------------------------------- ----------- ------------

    Section: GPU Speed Of Light Throughput
    ----------------------- ------------- ------------
    Metric Name               Metric Unit Metric Value
    ----------------------- ------------- ------------
    DRAM Frequency          cycle/nsecond         1.21
    SM Frequency            cycle/nsecond         1.09
    Elapsed Cycles                  cycle      779,122
    Memory Throughput                   %        40.13
    DRAM Throughput                     %        25.60
    Duration                      usecond       711.71
    L1/TEX Cache Throughput             %        40.76
    L2 Cache Throughput                 %        31.54
    SM Active Cycles                cycle   766,304.74
    Compute (SM) Throughput             %        70.43
    ----------------------- ------------- ------------

    OPT   Compute is more heavily utilized than Memory: Look at the Compute Workload Analysis section to see what the   
          compute pipelines are spending their time doing. Also, consider whether any computation is redundant and      
          could be reduced or moved to look-up tables.                                                                  

    Section: Launch Statistics
    -------------------------------- --------------- ---------------
    Metric Name                          Metric Unit    Metric Value
    -------------------------------- --------------- ---------------
    Block Size                                                 1,024
    Function Cache Configuration                     CachePreferNone
    Grid Size                                                  4,096
    Registers Per Thread             register/thread              32
    Shared Memory Configuration Size           Kbyte            8.19
    Driver Shared Memory Per Block       Kbyte/block            1.02
    Dynamic Shared Memory Per Block       byte/block               0
    Static Shared Memory Per Block        byte/block               0
    # SMs                                         SM             108
    Threads                                   thread       4,194,304
    Uses Green Context                                             0
    Waves Per SM                                               18.96
    -------------------------------- --------------- ---------------

    Section: Occupancy
    ------------------------------- ----------- ------------
    Metric Name                     Metric Unit Metric Value
    ------------------------------- ----------- ------------
    Block Limit SM                        block           32
    Block Limit Registers                 block            2
    Block Limit Shared Mem                block            8
    Block Limit Warps                     block            2
    Theoretical Active Warps per SM        warp           64
    Theoretical Occupancy                     %          100
    Achieved Occupancy                        %        88.05
    Achieved Active Warps Per SM           warp        56.35
    ------------------------------- ----------- ------------

    OPT   Est. Local Speedup: 11.95%                                                                                    
          The difference between calculated theoretical (100.0%) and measured achieved occupancy (88.0%) can be the     
          result of warp scheduling overheads or workload imbalances during the kernel execution. Load imbalances can   
          occur between warps within a block as well as across blocks of the same kernel. See the CUDA Best Practices   
          Guide (https://docs.nvidia.com/cuda/cuda-c-best-practices-guide/index.html#occupancy) for more details on     
          optimizing occupancy.                                                                                         

    Section: GPU and Memory Workload Distribution
    -------------------------- ----------- ------------
    Metric Name                Metric Unit Metric Value
    -------------------------- ----------- ------------
    Average DRAM Active Cycles       cycle   221,339.90
    Total DRAM Elapsed Cycles        cycle   34,585,344
    Average L1 Active Cycles         cycle   766,304.74
    Total L1 Elapsed Cycles          cycle   84,054,026
    Average L2 Active Cycles         cycle   735,656.78
    Total L2 Elapsed Cycles          cycle   59,762,720
    Average SM Active Cycles         cycle   766,304.74
    Total SM Elapsed Cycles          cycle   84,054,026
    Average SMSP Active Cycles       cycle   763,693.09
    Total SMSP Elapsed Cycles        cycle  336,216,104
    -------------------------- ----------- ------------

